dt,AverageTemperature,City
1980-01-01,7.258,Rome
1980-01-01,5.379,Tokyo
1980-01-01,0.098,New York
1980-01-01,23.095,Sydney
1980-01-01,-8.878,Moscow
1980-01-01,23.969,Mumbai
1980-02-01,8.634,Rome
1980-02-01,6.532,Tokyo
1980-02-01,1.229,New York
1980-02-01,22.343,Sydney
1980-02-01,-8.485,Moscow
1980-02-01,25.417,Mumbai
1980-03-01,10.901,Rome
1980-03-01,9.459,Tokyo
1980-03-01,,New York
1980-03-01,21.57,Sydney
1980-03-01,-2.824,Moscow
1980-03-01,26.552,Mumbai
1980-04-01,14.294,Rome
1980-04-01,14.956,Tokyo
1980-04-01,11.815,New York
1980-04-01,19.116,Sydney
1980-04-01,6.123,Moscow
1980-04-01,,Mumbai
1980-05-01,,Rome
1980-05-01,19.252,Tokyo
1980-05-01,17.288,New York
1980-05-01,15.188,Sydney
1980-05-01,13.43,Moscow
1980-05-01,31.361,Mumbai
1980-06-01,,Rome
1980-06-01,23.303,Tokyo
1980-06-01,22.18,New York
1980-06-01,13.089,Sydney
1980-06-01,17.94,Moscow
1980-06-01,29.025,Mumbai
1980-07-01,26.093,Rome
1980-07-01,26.689,Tokyo
1980-07-01,25.515,New York
1980-07-01,12.046,Sydney
1980-07-01,20.201,Moscow
1980-07-01,27.771,Mumbai
1980-08-01,25.885,Rome
1980-08-01,28.377,Tokyo
1980-08-01,25.022,New York
1980-08-01,13.209,Sydney
1980-08-01,,Moscow
1980-08-01,26.651,Mumbai
1980-09-01,22.43,Rome
1980-09-01,24.109,Tokyo
1980-09-01,20.396,New York
1980-09-01,15.746,Sydney
1980-09-01,12.002,Moscow
1980-09-01,27.553,Mumbai
1980-10-01,16.54,Rome
1980-10-01,18.061,Tokyo
1980-10-01,13.593,New York
1980-10-01,18.3,Sydney
1980-10-01,5.052,Moscow
1980-10-01,28.485,Mumbai
1980-11-01,12.094,Rome
1980-11-01,12.81,Tokyo
1980-11-01,7.563,New York
1980-11-01,20.309,Sydney
1980-11-01,-2.199,Moscow
1980-11-01,26.875,Mumbai
1980-12-01,7.754,Rome
1980-12-01,6.497,Tokyo
1980-12-01,1.76,New York
1980-12-01,21.643,Sydney
1980-12-01,-6.97,Moscow
1980-12-01,24.634,Mumbai
1981-01-01,6.486,Rome
1981-01-01,5.418,Tokyo
1981-01-01,0.493,New York
1981-01-01,22.96,Sydney
1981-01-01,-9.347,Moscow
1981-01-01,23.997,Mumbai
1981-02-01,8.601,Rome
1981-02-01,,Tokyo
1981-02-01,1.082,New York
1981-02-01,22.075,Sydney
1981-02-01,-8.276,Moscow
1981-02-01,24.885,Mumbai
1981-03-01,10.853,Rome
1981-03-01,9.489,Tokyo
1981-03-01,5.863,New York
1981-03-01,20.704,Sydney
1981-03-01,,Moscow
1981-03-01,27.075,Mumbai
1981-04-01,15.185,Rome
1981-04-01,14.554,Tokyo
1981-04-01,12.195,New York
1981-04-01,18.274,Sydney
1981-04-01,6.699,Moscow
1981-04-01,29.667,Mumbai
1981-05-01,19.425,Rome
1981-05-01,19.437,Tokyo
1981-05-01,17.654,New York
1981-05-01,14.566,Sydney
1981-05-01,13.782,Moscow
1981-05-01,31.157,Mumbai
1981-06-01,23.902,Rome
1981-06-01,23.142,Tokyo
1981-06-01,21.99,New York
1981-06-01,13.077,Sydney
1981-06-01,17.596,Moscow
1981-06-01,,Mumbai
1981-07-01,26.064,Rome
1981-07-01,27.128,Tokyo
1981-07-01,25.165,New York
1981-07-01,12.334,Sydney
1981-07-01,19.85,Moscow
1981-07-01,27.12,Mumbai
1981-08-01,25.735,Rome
1981-08-01,,Tokyo
1981-08-01,24.766,New York
1981-08-01,13.121,Sydney
1981-08-01,18.239,Moscow
1981-08-01,26.643,Mumbai
1981-09-01,22.383,Rome
1981-09-01,24.169,Tokyo
1981-09-01,20.597,New York
1981-09-01,15.38,Sydney
1981-09-01,12.146,Moscow
1981-09-01,28.209,Mumbai
1981-10-01,17.136,Rome
1981-10-01,18.19,Tokyo
1981-10-01,13.918,New York
1981-10-01,18.619,Sydney
1981-10-01,5.34,Moscow
1981-10-01,29.242,Mumbai
1981-11-01,11.404,Rome
1981-11-01,,Tokyo
1981-11-01,7.778,New York
1981-11-01,19.978,Sydney
1981-11-01,-2.867,Moscow
1981-11-01,27.132,Mumbai
1981-12-01,,Rome
1981-12-01,7.159,Tokyo
1981-12-01,2.192,New York
1981-12-01,21.615,Sydney
1981-12-01,-7.201,Moscow
1981-12-01,25.166,Mumbai
1982-01-01,6.672,Rome
1982-01-01,5.048,Tokyo
1982-01-01,,New York
1982-01-01,23.016,Sydney
1982-01-01,-8.78,Moscow
1982-01-01,24.735,Mumbai
1982-02-01,8.486,Rome
1982-02-01,6.078,Tokyo
1982-02-01,,New York
1982-02-01,22.324,Sydney
1982-02-01,-8.233,Moscow
1982-02-01,24.868,Mumbai
1982-03-01,11.16,Rome
1982-03-01,8.989,Tokyo
1982-03-01,,New York
1982-03-01,21.093,Sydney
1982-03-01,-3.06,Moscow
1982-03-01,27.442,Mumbai
1982-04-01,13.913,Rome
1982-04-01,14.69,Tokyo
1982-04-01,12.13,New York
1982-04-01,18.763,Sydney
1982-04-01,6.428,Moscow
1982-04-01,29.866,Mumbai
1982-05-01,19.048,Rome
1982-05-01,20.088,Tokyo
1982-05-01,17.408,New York
1982-05-01,15.24,Sydney
1982-05-01,14.189,Moscow
1982-05-01,,Mumbai
1982-06-01,23.213,Rome
1982-06-01,23.282,Tokyo
1982-06-01,23.124,New York
1982-06-01,12.873,Sydney
1982-06-01,18.219,Moscow
1982-06-01,28.945,Mumbai
1982-07-01,26.208,Rome
1982-07-01,27.113,Tokyo
1982-07-01,25.204,New York
1982-07-01,11.67,Sydney
1982-07-01,19.765,Moscow
1982-07-01,27.219,Mumbai
1982-08-01,25.771,Rome
1982-08-01,28.208,Tokyo
1982-08-01,,New York
1982-08-01,13.304,Sydney
1982-08-01,18.332,Moscow
1982-08-01,27.298,Mumbai
1982-09-01,,Rome
1982-09-01,,Tokyo
1982-09-01,,New York
1982-09-01,16.068,Sydney
1982-09-01,12.407,Moscow
1982-09-01,27.818,Mumbai
1982-10-01,17.323,Rome
1982-10-01,18.338,Tokyo
1982-10-01,14.011,New York
1982-10-01,18.309,Sydney
1982-10-01,5.159,Moscow
1982-10-01,,Mumbai
1982-11-01,11.387,Rome
1982-11-01,11.972,Tokyo
1982-11-01,7.809,New York
1982-11-01,20.395,Sydney
1982-11-01,-1.885,Moscow
1982-11-01,27.155,Mumbai
1982-12-01,8.138,Rome
1982-12-01,,Tokyo
1982-12-01,2.216,New York
1982-12-01,21.843,Sydney
1982-12-01,-8.122,Moscow
1982-12-01,25.295,Mumbai
1983-01-01,6.885,Rome
1983-01-01,5.116,Tokyo
1983-01-01,-0.385,New York
1983-01-01,23.036,Sydney
1983-01-01,-9.245,Moscow
1983-01-01,24.443,Mumbai
1983-02-01,8.252,Rome
1983-02-01,5.893,Tokyo
1983-02-01,1.364,New York
1983-02-01,,Sydney
1983-02-01,-8.074,Moscow
1983-02-01,24.601,Mumbai
1983-03-01,11.155,Rome
1983-03-01,9.142,Tokyo
1983-03-01,6.254,New York
1983-03-01,21.236,Sydney
1983-03-01,-2.561,Moscow
1983-03-01,27.397,Mumbai
1983-04-01,,Rome
1983-04-01,14.511,Tokyo
1983-04-01,12.045,New York
1983-04-01,18.828,Sydney
1983-04-01,6.293,Moscow
1983-04-01,30.065,Mumbai
1983-05-01,19.926,Rome
1983-05-01,19.779,Tokyo
1983-05-01,17.511,New York
1983-05-01,15.293,Sydney
1983-05-01,13.443,Moscow
1983-05-01,31.114,Mumbai
1983-06-01,24.102,Rome
1983-06-01,23.314,Tokyo
1983-06-01,22.64,New York
1983-06-01,12.848,Sydney
1983-06-01,17.549,Moscow
1983-06-01,28.92,Mumbai
1983-07-01,26.107,Rome
1983-07-01,27.122,Tokyo
1983-07-01,25.597,New York
1983-07-01,11.943,Sydney
1983-07-01,20.444,Moscow
1983-07-01,27.651,Mumbai
1983-08-01,26.841,Rome
1983-08-01,28.211,Tokyo
1983-08-01,24.959,New York
1983-08-01,13.304,Sydney
1983-08-01,18.661,Moscow
1983-08-01,26.837,Mumbai
1983-09-01,,Rome
1983-09-01,23.978,Tokyo
1983-09-01,20.101,New York
1983-09-01,15.725,Sydney
1983-09-01,12.357,Moscow
1983-09-01,27.803,Mumbai
1983-10-01,17.116,Rome
1983-10-01,18.244,Tokyo
1983-10-01,13.8,New York
1983-10-01,18.486,Sydney
1983-10-01,5.022,Moscow
1983-10-01,29.583,Mumbai
1983-11-01,11.897,Rome
1983-11-01,12.389,Tokyo
1983-11-01,7.9,New York
1983-11-01,20.221,Sydney
1983-11-01,-2.323,Moscow
1983-11-01,27.072,Mumbai
1983-12-01,,Rome
1983-12-01,7.858,Tokyo
1983-12-01,1.97,New York
1983-12-01,22.303,Sydney
1983-12-01,-7.746,Moscow
1983-12-01,25.341,Mumbai
1984-01-01,7.16,Rome
1984-01-01,5.468,Tokyo
1984-01-01,,New York
1984-01-01,22.553,Sydney
1984-01-01,-9.076,Moscow
1984-01-01,24.226,Mumbai
1984-02-01,8.029,Rome
1984-02-01,5.757,Tokyo
1984-02-01,1.8,New York
1984-02-01,22.433,Sydney
1984-02-01,-8.176,Moscow
1984-02-01,24.621,Mumbai
1984-03-01,11.32,Rome
1984-03-01,9.578,Tokyo
1984-03-01,5.582,New York
1984-03-01,21.18,Sydney
1984-03-01,-2.778,Moscow
1984-03-01,27.931,Mumbai
1984-04-01,15.278,Rome
1984-04-01,15.035,Tokyo
1984-04-01,11.874,New York
1984-04-01,18.663,Sydney
1984-04-01,6.089,Moscow
1984-04-01,30.537,Mumbai
1984-05-01,18.938,Rome
1984-05-01,18.525,Tokyo
1984-05-01,17.189,New York
1984-05-01,14.825,Sydney
1984-05-01,13.298,Moscow
1984-05-01,31.224,Mumbai
1984-06-01,23.53,Rome
1984-06-01,23.179,Tokyo
1984-06-01,22.299,New York
1984-06-01,13.387,Sydney
1984-06-01,17.606,Moscow
1984-06-01,29.16,Mumbai
1984-07-01,26.543,Rome
1984-07-01,,Tokyo
1984-07-01,25.852,New York
1984-07-01,12.63,Sydney
1984-07-01,20.011,Moscow
1984-07-01,27.569,Mumbai
1984-08-01,25.844,Rome
1984-08-01,28.859,Tokyo
1984-08-01,24.724,New York
1984-08-01,12.683,Sydney
1984-08-01,18.47,Moscow
1984-08-01,,Mumbai
1984-09-01,22.477,Rome
1984-09-01,24.231,Tokyo
1984-09-01,20.688,New York
1984-09-01,15.671,Sydney
1984-09-01,12.421,Moscow
1984-09-01,,Mumbai
1984-10-01,,Rome
1984-10-01,,Tokyo
1984-10-01,13.384,New York
1984-10-01,18.01,Sydney
1984-10-01,5.226,Moscow
1984-10-01,28.893,Mumbai
1984-11-01,12.374,Rome
1984-11-01,,Tokyo
1984-11-01,8.126,New York
1984-11-01,19.827,Sydney
1984-11-01,-2.123,Moscow
1984-11-01,26.992,Mumbai
1984-12-01,7.923,Rome
1984-12-01,7.458,Tokyo
1984-12-01,2.359,New York
1984-12-01,22.164,Sydney
1984-12-01,-7.404,Moscow
1984-12-01,24.752,Mumbai
1985-01-01,7.262,Rome
1985-01-01,5.22,Tokyo
1985-01-01,0.164,New York
1985-01-01,23.175,Sydney
1985-01-01,-9.252,Moscow
1985-01-01,24.303,Mumbai
1985-02-01,8.476,Rome
1985-02-01,6.54,Tokyo
1985-02-01,1.546,New York
1985-02-01,22.923,Sydney
1985-02-01,,Moscow
1985-02-01,24.79,Mumbai
1985-03-01,11.124,Rome
1985-03-01,9.813,Tokyo
1985-03-01,6.183,New York
1985-03-01,21.013,Sydney
1985-03-01,-2.778,Moscow
1985-03-01,,Mumbai
1985-04-01,14.719,Rome
1985-04-01,14.711,Tokyo
1985-04-01,11.986,New York
1985-04-01,18.782,Sydney
1985-04-01,6.468,Moscow
1985-04-01,30.317,Mumbai
1985-05-01,19.552,Rome
1985-05-01,20.075,Tokyo
1985-05-01,17.895,New York
1985-05-01,15.156,Sydney
1985-05-01,13.698,Moscow
1985-05-01,31.045,Mumbai
1985-06-01,23.455,Rome
1985-06-01,22.758,Tokyo
1985-06-01,22.902,New York
1985-06-01,13.135,Sydney
1985-06-01,17.741,Moscow
1985-06-01,28.855,Mumbai
1985-07-01,25.783,Rome
1985-07-01,26.831,Tokyo
1985-07-01,25.745,New York
1985-07-01,11.785,Sydney
1985-07-01,19.714,Moscow
1985-07-01,27.902,Mumbai
1985-08-01,,Rome
1985-08-01,28.685,Tokyo
1985-08-01,24.769,New York
1985-08-01,12.689,Sydney
1985-08-01,18.347,Moscow
1985-08-01,27.01,Mumbai
1985-09-01,22.072,Rome
1985-09-01,24.268,Tokyo
1985-09-01,20.651,New York
1985-09-01,15.884,Sydney
1985-09-01,12.291,Moscow
1985-09-01,27.972,Mumbai
1985-10-01,,Rome
1985-10-01,18.524,Tokyo
1985-10-01,14.006,New York
1985-10-01,18.131,Sydney
1985-10-01,5.202,Moscow
1985-10-01,29.311,Mumbai
1985-11-01,12.183,Rome
1985-11-01,11.742,Tokyo
1985-11-01,8.185,New York
1985-11-01,20.049,Sydney
1985-11-01,-1.849,Moscow
1985-11-01,27.59,Mumbai
1985-12-01,7.908,Rome
1985-12-01,,Tokyo
1985-12-01,,New York
1985-12-01,21.833,Sydney
1985-12-01,-6.78,Moscow
1985-12-01,25.415,Mumbai
1986-01-01,7.697,Rome
1986-01-01,5.078,Tokyo
1986-01-01,,New York
1986-01-01,22.709,Sydney
1986-01-01,-8.906,Moscow
1986-01-01,24.161,Mumbai
1986-02-01,7.858,Rome
1986-02-01,5.817,Tokyo
1986-02-01,1.259,New York
1986-02-01,22.465,Sydney
1986-02-01,-8.041,Moscow
1986-02-01,24.829,Mumbai
1986-03-01,11.158,Rome
1986-03-01,9.531,Tokyo
1986-03-01,6.111,New York
1986-03-01,21.389,Sydney
1986-03-01,-2.995,Moscow
1986-03-01,,Mumbai
1986-04-01,14.976,Rome
1986-04-01,15.111,Tokyo
1986-04-01,12.274,New York
1986-04-01,18.216,Sydney
1986-04-01,,Moscow
1986-04-01,,Mumbai
1986-05-01,,Rome
1986-05-01,19.187,Tokyo
1986-05-01,17.51,New York
1986-05-01,15.275,Sydney
1986-05-01,13.751,Moscow
1986-05-01,31.156,Mumbai
1986-06-01,23.651,Rome
1986-06-01,23.082,Tokyo
1986-06-01,23.072,New York
1986-06-01,12.767,Sydney
1986-06-01,17.999,Moscow
1986-06-01,29.225,Mumbai
1986-07-01,25.984,Rome
1986-07-01,27.042,Tokyo
1986-07-01,26.247,New York
1986-07-01,12.063,Sydney
1986-07-01,20.686,Moscow
1986-07-01,28.055,Mumbai
1986-08-01,25.323,Rome
1986-08-01,28.14,Tokyo
1986-08-01,24.732,New York
1986-08-01,13.11,Sydney
1986-08-01,,Moscow
1986-08-01,27.767,Mumbai
1986-09-01,,Rome
1986-09-01,24.399,Tokyo
1986-09-01,20.445,New York
1986-09-01,16.052,Sydney
1986-09-01,11.86,Moscow
1986-09-01,27.82,Mumbai
1986-10-01,17.051,Rome
1986-10-01,17.528,Tokyo
1986-10-01,14.046,New York
1986-10-01,18.251,Sydney
1986-10-01,,Moscow
1986-10-01,29.074,Mumbai
1986-11-01,11.63,Rome
1986-11-01,12.365,Tokyo
1986-11-01,8.447,New York
1986-11-01,20.571,Sydney
1986-11-01,-1.674,Moscow
1986-11-01,27.262,Mumbai
1986-12-01,8.245,Rome
1986-12-01,7.465,Tokyo
1986-12-01,,New York
1986-12-01,22.266,Sydney
1986-12-01,-7.407,Moscow
1986-12-01,25.032,Mumbai
1987-01-01,6.936,Rome
1987-01-01,4.981,Tokyo
1987-01-01,-0.057,New York
1987-01-01,22.748,Sydney
1987-01-01,-9.114,Moscow
1987-01-01,23.525,Mumbai
1987-02-01,8.443,Rome
1987-02-01,6.114,Tokyo
1987-02-01,1.009,New York
1987-02-01,22.896,Sydney
1987-02-01,-8.312,Moscow
1987-02-01,25.015,Mumbai
1987-03-01,11.195,Rome
1987-03-01,9.491,Tokyo
1987-03-01,5.958,New York
1987-03-01,21.597,Sydney
1987-03-01,,Moscow
1987-03-01,27.024,Mumbai
1987-04-01,14.903,Rome
1987-04-01,15.065,Tokyo
1987-04-01,11.663,New York
1987-04-01,18.981,Sydney
1987-04-01,6.21,Moscow
1987-04-01,29.723,Mumbai
1987-05-01,19.266,Rome
1987-05-01,19.299,Tokyo
1987-05-01,17.676,New York
1987-05-01,15.476,Sydney
1987-05-01,13.674,Moscow
1987-05-01,31.182,Mumbai
1987-06-01,23.364,Rome
1987-06-01,22.872,Tokyo
1987-06-01,,New York
1987-06-01,12.914,Sydney
1987-06-01,17.487,Moscow
1987-06-01,28.929,Mumbai
1987-07-01,26.436,Rome
1987-07-01,27.084,Tokyo
1987-07-01,,New York
1987-07-01,12.131,Sydney
1987-07-01,19.953,Moscow
1987-07-01,27.307,Mumbai
1987-08-01,25.585,Rome
1987-08-01,28.841,Tokyo
1987-08-01,25.031,New York
1987-08-01,13.207,Sydney
1987-08-01,18.318,Moscow
1987-08-01,27.408,Mumbai
1987-09-01,22.111,Rome
1987-09-01,24.187,Tokyo
1987-09-01,20.322,New York
1987-09-01,16.282,Sydney
1987-09-01,12.469,Moscow
1987-09-01,27.655,Mumbai
1987-10-01,17.357,Rome
1987-10-01,17.641,Tokyo
1987-10-01,13.799,New York
1987-10-01,18.338,Sydney
1987-10-01,4.758,Moscow
1987-10-01,29.161,Mumbai
1987-11-01,12.4,Rome
1987-11-01,12.796,Tokyo
1987-11-01,8.352,New York
1987-11-01,20.648,Sydney
1987-11-01,,Moscow
1987-11-01,27.152,Mumbai
1987-12-01,8.398,Rome
1987-12-01,6.758,Tokyo
1987-12-01,2.074,New York
1987-12-01,21.736,Sydney
1987-12-01,-7.138,Moscow
1987-12-01,25.0,Mumbai
1988-01-01,7.61,Rome
1988-01-01,,Tokyo
1988-01-01,0.302,New York
1988-01-01,23.274,Sydney
1988-01-01,-8.816,Moscow
1988-01-01,23.962,Mumbai
1988-02-01,8.061,Rome
1988-02-01,6.235,Tokyo
1988-02-01,,New York
1988-02-01,22.625,Sydney
1988-02-01,-7.546,Moscow
1988-02-01,24.752,Mumbai
1988-03-01,11.721,Rome
1988-03-01,9.39,Tokyo
1988-03-01,5.544,New York
1988-03-01,21.329,Sydney
1988-03-01,-2.989,Moscow
1988-03-01,27.319,Mumbai
1988-04-01,14.877,Rome
1988-04-01,14.901,Tokyo
1988-04-01,12.172,New York
1988-04-01,18.308,Sydney
1988-04-01,6.11,Moscow
1988-04-01,29.985,Mumbai
1988-05-01,19.391,Rome
1988-05-01,18.956,Tokyo
1988-05-01,17.491,New York
1988-05-01,15.463,Sydney
1988-05-01,13.217,Moscow
1988-05-01,31.147,Mumbai
1988-06-01,23.65,Rome
1988-06-01,22.827,Tokyo
1988-06-01,22.893,New York
1988-06-01,12.494,Sydney
1988-06-01,,Moscow
1988-06-01,28.986,Mumbai
1988-07-01,26.014,Rome
1988-07-01,27.181,Tokyo
1988-07-01,25.782,New York
1988-07-01,12.257,Sydney
1988-07-01,21.109,Moscow
1988-07-01,26.87,Mumbai
1988-08-01,,Rome
1988-08-01,28.19,Tokyo
1988-08-01,25.265,New York
1988-08-01,13.329,Sydney
1988-08-01,18.646,Moscow
1988-08-01,27.325,Mumbai
1988-09-01,21.945,Rome
1988-09-01,24.61,Tokyo
1988-09-01,20.621,New York
1988-09-01,16.193,Sydney
1988-09-01,12.514,Moscow
1988-09-01,28.452,Mumbai
1988-10-01,17.057,Rome
1988-10-01,18.045,Tokyo
1988-10-01,14.189,New York
1988-10-01,18.308,Sydney
1988-10-01,4.352,Moscow
1988-10-01,29.679,Mumbai
1988-11-01,12.082,Rome
1988-11-01,12.462,Tokyo
1988-11-01,7.475,New York
1988-11-01,19.892,Sydney
1988-11-01,-1.356,Moscow
1988-11-01,27.607,Mumbai
1988-12-01,8.426,Rome
1988-12-01,7.078,Tokyo
1988-12-01,2.208,New York
1988-12-01,22.495,Sydney
1988-12-01,-7.471,Moscow
1988-12-01,25.466,Mumbai
1989-01-01,7.236,Rome
1989-01-01,5.572,Tokyo
1989-01-01,0.023,New York
1989-01-01,22.64,Sydney
1989-01-01,-9.25,Moscow
1989-01-01,24.006,Mumbai
1989-02-01,8.573,Rome
1989-02-01,5.755,Tokyo
1989-02-01,1.14,New York
1989-02-01,,Sydney
1989-02-01,-8.148,Moscow
1989-02-01,25.206,Mumbai
1989-03-01,11.326,Rome
1989-03-01,9.24,Tokyo
1989-03-01,5.73,New York
1989-03-01,21.178,Sydney
1989-03-01,-2.265,Moscow
1989-03-01,27.337,Mumbai
1989-04-01,14.951,Rome
1989-04-01,15.19,Tokyo
1989-04-01,12.288,New York
1989-04-01,18.62,Sydney
1989-04-01,6.442,Moscow
1989-04-01,29.778,Mumbai
1989-05-01,19.535,Rome
1989-05-01,19.72,Tokyo
1989-05-01,,New York
1989-05-01,,Sydney
1989-05-01,13.519,Moscow
1989-05-01,31.623,Mumbai
1989-06-01,23.643,Rome
1989-06-01,23.51,Tokyo
1989-06-01,22.845,New York
1989-06-01,12.844,Sydney
1989-06-01,,Moscow
1989-06-01,28.918,Mumbai
1989-07-01,25.976,Rome
1989-07-01,27.389,Tokyo
1989-07-01,25.876,New York
1989-07-01,11.985,Sydney
1989-07-01,20.013,Moscow
1989-07-01,27.75,Mumbai
1989-08-01,26.151,Rome
1989-08-01,28.668,Tokyo
1989-08-01,24.704,New York
1989-08-01,12.944,Sydney
1989-08-01,18.318,Moscow
1989-08-01,26.96,Mumbai
1989-09-01,22.143,Rome
1989-09-01,23.949,Tokyo
1989-09-01,20.653,New York
1989-09-01,15.855,Sydney
1989-09-01,12.678,Moscow
1989-09-01,28.014,Mumbai
1989-10-01,17.09,Rome
1989-10-01,18.349,Tokyo
1989-10-01,14.242,New York
1989-10-01,18.496,Sydney
1989-10-01,5.056,Moscow
1989-10-01,29.699,Mumbai
1989-11-01,12.062,Rome
1989-11-01,12.373,Tokyo
1989-11-01,,New York
1989-11-01,20.186,Sydney
1989-11-01,-2.126,Moscow
1989-11-01,27.662,Mumbai
1989-12-01,8.303,Rome
1989-12-01,7.2,Tokyo
1989-12-01,2.728,New York
1989-12-01,21.991,Sydney
1989-12-01,,Moscow
1989-12-01,25.265,Mumbai
1990-01-01,7.076,Rome
1990-01-01,5.19,Tokyo
1990-01-01,0.789,New York
1990-01-01,,Sydney
1990-01-01,-8.902,Moscow
1990-01-01,24.38,Mumbai
1990-02-01,9.187,Rome
1990-02-01,5.722,Tokyo
1990-02-01,0.985,New York
1990-02-01,23.066,Sydney
1990-02-01,-7.605,Moscow
1990-02-01,25.182,Mumbai
1990-03-01,11.572,Rome
1990-03-01,9.722,Tokyo
1990-03-01,5.842,New York
1990-03-01,21.373,Sydney
1990-03-01,-2.827,Moscow
1990-03-01,27.721,Mumbai
1990-04-01,14.751,Rome
1990-04-01,14.829,Tokyo
1990-04-01,12.399,New York
1990-04-01,18.526,Sydney
1990-04-01,6.649,Moscow
1990-04-01,29.728,Mumbai
1990-05-01,19.448,Rome
1990-05-01,,Tokyo
1990-05-01,,New York
1990-05-01,15.354,Sydney
1990-05-01,13.188,Moscow
1990-05-01,31.101,Mumbai
1990-06-01,23.506,Rome
1990-06-01,23.007,Tokyo
1990-06-01,22.496,New York
1990-06-01,,Sydney
1990-06-01,17.487,Moscow
1990-06-01,29.427,Mumbai
1990-07-01,26.306,Rome
1990-07-01,,Tokyo
1990-07-01,25.897,New York
1990-07-01,11.796,Sydney
1990-07-01,20.356,Moscow
1990-07-01,27.44,Mumbai
1990-08-01,,Rome
1990-08-01,28.513,Tokyo
1990-08-01,24.703,New York
1990-08-01,12.873,Sydney
1990-08-01,18.681,Moscow
1990-08-01,27.479,Mumbai
1990-09-01,22.443,Rome
1990-09-01,24.809,Tokyo
1990-09-01,20.004,New York
1990-09-01,16.227,Sydney
1990-09-01,12.423,Moscow
1990-09-01,27.955,Mumbai
1990-10-01,17.513,Rome
1990-10-01,,Tokyo
1990-10-01,14.294,New York
1990-10-01,18.287,Sydney
1990-10-01,4.791,Moscow
1990-10-01,,Mumbai
1990-11-01,,Rome
1990-11-01,12.822,Tokyo
1990-11-01,8.061,New York
1990-11-01,20.136,Sydney
1990-11-01,-2.146,Moscow
1990-11-01,26.549,Mumbai
1990-12-01,8.159,Rome
1990-12-01,7.836,Tokyo
1990-12-01,,New York
1990-12-01,21.847,Sydney
1990-12-01,,Moscow
1990-12-01,25.291,Mumbai
1991-01-01,7.072,Rome
1991-01-01,5.297,Tokyo
1991-01-01,-0.019,New York
1991-01-01,23.089,Sydney
1991-01-01,-9.372,Moscow
1991-01-01,24.728,Mumbai
1991-02-01,8.782,Rome
1991-02-01,5.877,Tokyo
1991-02-01,2.045,New York
1991-02-01,22.366,Sydney
1991-02-01,-8.189,Moscow
1991-02-01,24.926,Mumbai
1991-03-01,,Rome
1991-03-01,9.821,Tokyo
1991-03-01,6.021,New York
1991-03-01,21.448,Sydney
1991-03-01,-2.339,Moscow
1991-03-01,,Mumbai
1991-04-01,15.019,Rome
1991-04-01,15.087,Tokyo
1991-04-01,11.842,New York
1991-04-01,18.586,Sydney
1991-04-01,6.422,Moscow
1991-04-01,29.751,Mumbai
1991-05-01,19.829,Rome
1991-05-01,18.979,Tokyo
1991-05-01,17.685,New York
1991-05-01,14.763,Sydney
1991-05-01,13.578,Moscow
1991-05-01,31.599,Mumbai
1991-06-01,,Rome
1991-06-01,23.121,Tokyo
1991-06-01,22.608,New York
1991-06-01,12.771,Sydney
1991-06-01,18.016,Moscow
1991-06-01,29.182,Mumbai
1991-07-01,25.903,Rome
1991-07-01,27.379,Tokyo
1991-07-01,25.396,New York
1991-07-01,12.222,Sydney
1991-07-01,20.361,Moscow
1991-07-01,27.359,Mumbai
1991-08-01,26.036,Rome
1991-08-01,28.391,Tokyo
1991-08-01,25.074,New York
1991-08-01,13.339,Sydney
1991-08-01,18.647,Moscow
1991-08-01,27.142,Mumbai
1991-09-01,21.871,Rome
1991-09-01,24.46,Tokyo
1991-09-01,,New York
1991-09-01,15.918,Sydney
1991-09-01,12.797,Moscow
1991-09-01,28.053,Mumbai
1991-10-01,16.582,Rome
1991-10-01,18.519,Tokyo
1991-10-01,13.826,New York
1991-10-01,18.046,Sydney
1991-10-01,,Moscow
1991-10-01,29.44,Mumbai
1991-11-01,12.281,Rome
1991-11-01,12.032,Tokyo
1991-11-01,7.845,New York
1991-11-01,21.124,Sydney
1991-11-01,-1.845,Moscow
1991-11-01,27.075,Mumbai
1991-12-01,8.82,Rome
1991-12-01,,Tokyo
1991-12-01,2.543,New York
1991-12-01,,Sydney
1991-12-01,-6.931,Moscow
1991-12-01,24.844,Mumbai
1992-01-01,7.173,Rome
1992-01-01,5.307,Tokyo
1992-01-01,0.2,New York
1992-01-01,23.544,Sydney
1992-01-01,-9.076,Moscow
1992-01-01,23.809,Mumbai
1992-02-01,8.772,Rome
1992-02-01,6.074,Tokyo
1992-02-01,1.214,New York
1992-02-01,22.88,Sydney
1992-02-01,-7.754,Moscow
1992-02-01,,Mumbai
1992-03-01,12.264,Rome
1992-03-01,8.888,Tokyo
1992-03-01,5.666,New York
1992-03-01,21.472,Sydney
1992-03-01,-2.533,Moscow
1992-03-01,27.745,Mumbai
1992-04-01,15.071,Rome
1992-04-01,14.95,Tokyo
1992-04-01,12.081,New York
1992-04-01,18.924,Sydney
1992-04-01,6.797,Moscow
1992-04-01,29.875,Mumbai
1992-05-01,,Rome
1992-05-01,19.228,Tokyo
1992-05-01,17.931,New York
1992-05-01,15.473,Sydney
1992-05-01,14.029,Moscow
1992-05-01,31.336,Mumbai
1992-06-01,24.243,Rome
1992-06-01,,Tokyo
1992-06-01,22.886,New York
1992-06-01,12.451,Sydney
1992-06-01,17.686,Moscow
1992-06-01,29.631,Mumbai
1992-07-01,26.426,Rome
1992-07-01,27.307,Tokyo
1992-07-01,,New York
1992-07-01,12.159,Sydney
1992-07-01,20.334,Moscow
1992-07-01,28.127,Mumbai
1992-08-01,25.919,Rome
1992-08-01,29.039,Tokyo
1992-08-01,25.496,New York
1992-08-01,13.489,Sydney
1992-08-01,18.998,Moscow
1992-08-01,27.488,Mumbai
1992-09-01,22.013,Rome
1992-09-01,,Tokyo
1992-09-01,20.883,New York
1992-09-01,16.361,Sydney
1992-09-01,12.492,Moscow
1992-09-01,27.704,Mumbai
1992-10-01,17.09,Rome
1992-10-01,18.304,Tokyo
1992-10-01,14.066,New York
1992-10-01,18.313,Sydney
1992-10-01,4.81,Moscow
1992-10-01,29.568,Mumbai
1992-11-01,12.192,Rome
1992-11-01,12.488,Tokyo
1992-11-01,7.981,New York
1992-11-01,20.084,Sydney
1992-11-01,-1.761,Moscow
1992-11-01,27.397,Mumbai
1992-12-01,8.01,Rome
1992-12-01,7.372,Tokyo
1992-12-01,2.857,New York
1992-12-01,22.255,Sydney
1992-12-01,-7.081,Moscow
1992-12-01,25.676,Mumbai
1993-01-01,7.079,Rome
1993-01-01,5.541,Tokyo
1993-01-01,0.451,New York
1993-01-01,23.003,Sydney
1993-01-01,-9.153,Moscow
1993-01-01,23.968,Mumbai
1993-02-01,9.25,Rome
1993-02-01,5.59,Tokyo
1993-02-01,1.323,New York
1993-02-01,21.984,Sydney
1993-02-01,-7.561,Moscow
1993-02-01,24.351,Mumbai
1993-03-01,11.065,Rome
1993-03-01,9.275,Tokyo
1993-03-01,6.146,New York
1993-03-01,21.683,Sydney
1993-03-01,,Moscow
1993-03-01,27.683,Mumbai
1993-04-01,14.892,Rome
1993-04-01,14.633,Tokyo
1993-04-01,12.245,New York
1993-04-01,18.376,Sydney
1993-04-01,6.3,Moscow
1993-04-01,29.889,Mumbai
1993-05-01,19.698,Rome
1993-05-01,,Tokyo
1993-05-01,17.635,New York
1993-05-01,15.558,Sydney
1993-05-01,14.057,Moscow
1993-05-01,30.989,Mumbai
1993-06-01,24.3,Rome
1993-06-01,22.829,Tokyo
1993-06-01,22.344,New York
1993-06-01,13.278,Sydney
1993-06-01,18.264,Moscow
1993-06-01,,Mumbai
1993-07-01,26.298,Rome
1993-07-01,,Tokyo
1993-07-01,25.307,New York
1993-07-01,12.103,Sydney
1993-07-01,20.373,Moscow
1993-07-01,27.768,Mumbai
1993-08-01,26.284,Rome
1993-08-01,29.331,Tokyo
1993-08-01,24.762,New York
1993-08-01,13.264,Sydney
1993-08-01,18.846,Moscow
1993-08-01,27.024,Mumbai
1993-09-01,21.641,Rome
1993-09-01,24.679,Tokyo
1993-09-01,20.503,New York
1993-09-01,15.606,Sydney
1993-09-01,12.52,Moscow
1993-09-01,28.246,Mumbai
1993-10-01,17.06,Rome
1993-10-01,18.114,Tokyo
1993-10-01,13.663,New York
1993-10-01,18.436,Sydney
1993-10-01,4.997,Moscow
1993-10-01,29.699,Mumbai
1993-11-01,11.912,Rome
1993-11-01,12.338,Tokyo
1993-11-01,7.652,New York
1993-11-01,20.411,Sydney
1993-11-01,-1.835,Moscow
1993-11-01,27.254,Mumbai
1993-12-01,8.389,Rome
1993-12-01,7.511,Tokyo
1993-12-01,2.735,New York
1993-12-01,22.21,Sydney
1993-12-01,,Moscow
1993-12-01,24.727,Mumbai
1994-01-01,8.099,Rome
1994-01-01,5.522,Tokyo
1994-01-01,0.462,New York
1994-01-01,23.018,Sydney
1994-01-01,-9.118,Moscow
1994-01-01,24.417,Mumbai
1994-02-01,8.269,Rome
1994-02-01,5.429,Tokyo
1994-02-01,1.407,New York
1994-02-01,22.796,Sydney
1994-02-01,-7.922,Moscow
1994-02-01,25.233,Mumbai
1994-03-01,11.451,Rome
1994-03-01,9.765,Tokyo
1994-03-01,5.719,New York
1994-03-01,20.607,Sydney
1994-03-01,,Moscow
1994-03-01,27.691,Mumbai
1994-04-01,15.204,Rome
1994-04-01,14.69,Tokyo
1994-04-01,11.858,New York
1994-04-01,19.293,Sydney
1994-04-01,6.163,Moscow
1994-04-01,29.799,Mumbai
1994-05-01,,Rome
1994-05-01,19.344,Tokyo
1994-05-01,17.909,New York
1994-05-01,15.022,Sydney
1994-05-01,13.687,Moscow
1994-05-01,31.324,Mumbai
1994-06-01,23.344,Rome
1994-06-01,,Tokyo
1994-06-01,22.688,New York
1994-06-01,12.661,Sydney
1994-06-01,17.796,Moscow
1994-06-01,29.576,Mumbai
1994-07-01,26.866,Rome
1994-07-01,27.345,Tokyo
1994-07-01,,New York
1994-07-01,11.901,Sydney
1994-07-01,20.512,Moscow
1994-07-01,27.373,Mumbai
1994-08-01,27.015,Rome
1994-08-01,28.666,Tokyo
1994-08-01,24.934,New York
1994-08-01,13.692,Sydney
1994-08-01,18.795,Moscow
1994-08-01,27.316,Mumbai
1994-09-01,22.002,Rome
1994-09-01,,Tokyo
1994-09-01,20.468,New York
1994-09-01,15.876,Sydney
1994-09-01,12.688,Moscow
1994-09-01,27.582,Mumbai
1994-10-01,17.237,Rome
1994-10-01,18.057,Tokyo
1994-10-01,13.731,New York
1994-10-01,18.49,Sydney
1994-10-01,5.188,Moscow
1994-10-01,29.232,Mumbai
1994-11-01,12.234,Rome
1994-11-01,12.865,Tokyo
1994-11-01,8.552,New York
1994-11-01,20.292,Sydney
1994-11-01,-1.975,Moscow
1994-11-01,26.888,Mumbai
1994-12-01,8.571,Rome
1994-12-01,7.477,Tokyo
1994-12-01,2.651,New York
1994-12-01,22.356,Sydney
1994-12-01,-7.267,Moscow
1994-12-01,25.143,Mumbai
1995-01-01,7.124,Rome
1995-01-01,,Tokyo
1995-01-01,,New York
1995-01-01,22.908,Sydney
1995-01-01,-8.672,Moscow
1995-01-01,,Mumbai
1995-02-01,8.746,Rome
1995-02-01,6.141,Tokyo
1995-02-01,,New York
1995-02-01,22.857,Sydney
1995-02-01,-7.359,Moscow
1995-02-01,25.612,Mumbai
1995-03-01,11.199,Rome
1995-03-01,9.757,Tokyo
1995-03-01,6.202,New York
1995-03-01,20.8,Sydney
1995-03-01,-2.721,Moscow
1995-03-01,,Mumbai
1995-04-01,,Rome
1995-04-01,14.606,Tokyo
1995-04-01,12.507,New York
1995-04-01,18.545,Sydney
1995-04-01,5.957,Moscow
1995-04-01,30.387,Mumbai
1995-05-01,19.561,Rome
1995-05-01,19.574,Tokyo
1995-05-01,17.47,New York
1995-05-01,15.005,Sydney
1995-05-01,13.716,Moscow
1995-05-01,31.349,Mumbai
1995-06-01,23.675,Rome
1995-06-01,23.35,Tokyo
1995-06-01,23.044,New York
1995-06-01,12.914,Sydney
1995-06-01,,Moscow
1995-06-01,28.817,Mumbai
1995-07-01,26.252,Rome
1995-07-01,27.015,Tokyo
1995-07-01,25.719,New York
1995-07-01,12.333,Sydney
1995-07-01,,Moscow
1995-07-01,28.082,Mumbai
1995-08-01,25.917,Rome
1995-08-01,28.226,Tokyo
1995-08-01,24.776,New York
1995-08-01,12.722,Sydney
1995-08-01,18.432,Moscow
1995-08-01,27.342,Mumbai
1995-09-01,22.164,Rome
1995-09-01,24.558,Tokyo
1995-09-01,20.68,New York
1995-09-01,16.187,Sydney
1995-09-01,12.846,Moscow
1995-09-01,28.012,Mumbai
1995-10-01,,Rome
1995-10-01,,Tokyo
1995-10-01,13.981,New York
1995-10-01,18.9,Sydney
1995-10-01,5.353,Moscow
1995-10-01,30.038,Mumbai
1995-11-01,12.36,Rome
1995-11-01,12.364,Tokyo
1995-11-01,8.226,New York
1995-11-01,20.398,Sydney
1995-11-01,-1.352,Moscow
1995-11-01,27.669,Mumbai
1995-12-01,8.277,Rome
1995-12-01,7.153,Tokyo
1995-12-01,1.976,New York
1995-12-01,22.511,Sydney
1995-12-01,-7.206,Moscow
1995-12-01,25.233,Mumbai
1996-01-01,7.286,Rome
1996-01-01,5.414,Tokyo
1996-01-01,0.692,New York
1996-01-01,,Sydney
1996-01-01,,Moscow
1996-01-01,24.173,Mumbai
1996-02-01,8.828,Rome
1996-02-01,6.078,Tokyo
1996-02-01,1.945,New York
1996-02-01,22.586,Sydney
1996-02-01,-8.272,Moscow
1996-02-01,24.457,Mumbai
1996-03-01,11.744,Rome
1996-03-01,9.674,Tokyo
1996-03-01,6.608,New York
1996-03-01,21.752,Sydney
1996-03-01,-1.994,Moscow
1996-03-01,27.513,Mumbai
1996-04-01,15.436,Rome
1996-04-01,14.554,Tokyo
1996-04-01,12.263,New York
1996-04-01,18.28,Sydney
1996-04-01,6.658,Moscow
1996-04-01,29.328,Mumbai
1996-05-01,19.377,Rome
1996-05-01,19.79,Tokyo
1996-05-01,17.466,New York
1996-05-01,15.763,Sydney
1996-05-01,13.499,Moscow
1996-05-01,31.479,Mumbai
1996-06-01,24.078,Rome
1996-06-01,23.135,Tokyo
1996-06-01,22.769,New York
1996-06-01,13.09,Sydney
1996-06-01,18.028,Moscow
1996-06-01,29.956,Mumbai
1996-07-01,25.993,Rome
1996-07-01,27.803,Tokyo
1996-07-01,25.465,New York
1996-07-01,11.95,Sydney
1996-07-01,20.397,Moscow
1996-07-01,27.384,Mumbai
1996-08-01,25.512,Rome
1996-08-01,28.927,Tokyo
1996-08-01,25.376,New York
1996-08-01,13.967,Sydney
1996-08-01,18.565,Moscow
1996-08-01,27.293,Mumbai
1996-09-01,22.079,Rome
1996-09-01,25.005,Tokyo
1996-09-01,20.475,New York
1996-09-01,16.476,Sydney
1996-09-01,12.545,Moscow
1996-09-01,28.561,Mumbai
1996-10-01,17.161,Rome
1996-10-01,18.021,Tokyo
1996-10-01,13.692,New York
1996-10-01,18.529,Sydney
1996-10-01,5.048,Moscow
1996-10-01,29.435,Mumbai
1996-11-01,12.342,Rome
1996-11-01,12.487,Tokyo
1996-11-01,8.315,New York
1996-11-01,20.24,Sydney
1996-11-01,-2.259,Moscow
1996-11-01,27.147,Mumbai
1996-12-01,8.78,Rome
1996-12-01,6.955,Tokyo
1996-12-01,2.716,New York
1996-12-01,22.241,Sydney
1996-12-01,-7.124,Moscow
1996-12-01,24.94,Mumbai
1997-01-01,8.102,Rome
1997-01-01,,Tokyo
1997-01-01,0.775,New York
1997-01-01,22.312,Sydney
1997-01-01,-8.584,Moscow
1997-01-01,24.184,Mumbai
1997-02-01,8.921,Rome
1997-02-01,6.442,Tokyo
1997-02-01,1.176,New York
1997-02-01,22.57,Sydney
1997-02-01,-7.901,Moscow
1997-02-01,24.636,Mumbai
1997-03-01,11.726,Rome
1997-03-01,9.308,Tokyo
1997-03-01,5.906,New York
1997-03-01,21.684,Sydney
1997-03-01,-1.853,Moscow
1997-03-01,27.475,Mumbai
1997-04-01,15.302,Rome
1997-04-01,,Tokyo
1997-04-01,11.219,New York
1997-04-01,19.024,Sydney
1997-04-01,6.317,Moscow
1997-04-01,30.18,Mumbai
1997-05-01,19.334,Rome
1997-05-01,19.842,Tokyo
1997-05-01,17.61,New York
1997-05-01,15.634,Sydney
1997-05-01,13.92,Moscow
1997-05-01,31.382,Mumbai
1997-06-01,23.852,Rome
1997-06-01,22.937,Tokyo
1997-06-01,22.934,New York
1997-06-01,12.294,Sydney
1997-06-01,17.893,Moscow
1997-06-01,30.052,Mumbai
1997-07-01,26.214,Rome
1997-07-01,27.174,Tokyo
1997-07-01,25.961,New York
1997-07-01,12.04,Sydney
1997-07-01,20.28,Moscow
1997-07-01,28.006,Mumbai
1997-08-01,25.929,Rome
1997-08-01,29.401,Tokyo
1997-08-01,25.0,New York
1997-08-01,13.343,Sydney
1997-08-01,18.73,Moscow
1997-08-01,26.832,Mumbai
1997-09-01,22.906,Rome
1997-09-01,24.334,Tokyo
1997-09-01,21.068,New York
1997-09-01,16.362,Sydney
1997-09-01,12.246,Moscow
1997-09-01,27.756,Mumbai
1997-10-01,17.241,Rome
1997-10-01,18.516,Tokyo
1997-10-01,13.928,New York
1997-10-01,18.619,Sydney
1997-10-01,4.521,Moscow
1997-10-01,29.127,Mumbai
1997-11-01,11.623,Rome
1997-11-01,12.355,Tokyo
1997-11-01,8.06,New York
1997-11-01,,Sydney
1997-11-01,-2.356,Moscow
1997-11-01,27.278,Mumbai
1997-12-01,8.306,Rome
1997-12-01,7.234,Tokyo
1997-12-01,,New York
1997-12-01,,Sydney
1997-12-01,-7.282,Moscow
1997-12-01,25.278,Mumbai
1998-01-01,7.172,Rome
1998-01-01,5.091,Tokyo
1998-01-01,0.602,New York
1998-01-01,23.511,Sydney
1998-01-01,-9.287,Moscow
1998-01-01,24.221,Mumbai
1998-02-01,8.856,Rome
1998-02-01,6.108,Tokyo
1998-02-01,1.522,New York
1998-02-01,22.609,Sydney
1998-02-01,-7.388,Moscow
1998-02-01,,Mumbai
1998-03-01,11.473,Rome
1998-03-01,9.746,Tokyo
1998-03-01,6.545,New York
1998-03-01,21.094,Sydney
1998-03-01,-2.405,Moscow
1998-03-01,28.021,Mumbai
1998-04-01,14.54,Rome
1998-04-01,15.17,Tokyo
1998-04-01,11.87,New York
1998-04-01,18.877,Sydney
1998-04-01,6.293,Moscow
1998-04-01,29.804,Mumbai
1998-05-01,19.683,Rome
1998-05-01,19.893,Tokyo
1998-05-01,17.584,New York
1998-05-01,,Sydney
1998-05-01,13.374,Moscow
1998-05-01,,Mumbai
1998-06-01,23.815,Rome
1998-06-01,23.361,Tokyo
1998-06-01,23.129,New York
1998-06-01,12.48,Sydney
1998-06-01,17.77,Moscow
1998-06-01,29.394,Mumbai
1998-07-01,,Rome
1998-07-01,27.419,Tokyo
1998-07-01,25.614,New York
1998-07-01,11.696,Sydney
1998-07-01,20.145,Moscow
1998-07-01,27.949,Mumbai
1998-08-01,26.17,Rome
1998-08-01,28.245,Tokyo
1998-08-01,,New York
1998-08-01,13.128,Sydney
1998-08-01,18.8,Moscow
1998-08-01,27.467,Mumbai
1998-09-01,22.133,Rome
1998-09-01,24.468,Tokyo
1998-09-01,19.651,New York
1998-09-01,16.005,Sydney
1998-09-01,13.03,Moscow
1998-09-01,28.122,Mumbai
1998-10-01,17.254,Rome
1998-10-01,18.454,Tokyo
1998-10-01,14.415,New York
1998-10-01,18.752,Sydney
1998-10-01,5.041,Moscow
1998-10-01,29.868,Mumbai
1998-11-01,11.55,Rome
1998-11-01,,Tokyo
1998-11-01,7.956,New York
1998-11-01,,Sydney
1998-11-01,,Moscow
1998-11-01,27.189,Mumbai
1998-12-01,8.161,Rome
1998-12-01,7.791,Tokyo
1998-12-01,2.84,New York
1998-12-01,22.303,Sydney
1998-12-01,,Moscow
1998-12-01,25.517,Mumbai
1999-01-01,7.558,Rome
1999-01-01,5.646,Tokyo
1999-01-01,0.112,New York
1999-01-01,23.006,Sydney
1999-01-01,-8.907,Moscow
1999-01-01,24.526,Mumbai
1999-02-01,8.388,Rome
1999-02-01,5.978,Tokyo
1999-02-01,,New York
1999-02-01,22.645,Sydney
1999-02-01,-8.55,Moscow
1999-02-01,24.426,Mumbai
1999-03-01,11.515,Rome
1999-03-01,9.282,Tokyo
1999-03-01,6.101,New York
1999-03-01,21.408,Sydney
1999-03-01,-1.881,Moscow
1999-03-01,,Mumbai
1999-04-01,14.778,Rome
1999-04-01,14.743,Tokyo
1999-04-01,11.982,New York
1999-04-01,18.603,Sydney
1999-04-01,6.449,Moscow
1999-04-01,,Mumbai
1999-05-01,19.407,Rome
1999-05-01,19.463,Tokyo
1999-05-01,17.447,New York
1999-05-01,15.725,Sydney
1999-05-01,13.68,Moscow
1999-05-01,31.236,Mumbai
1999-06-01,23.613,Rome
1999-06-01,23.276,Tokyo
1999-06-01,22.855,New York
1999-06-01,,Sydney
1999-06-01,17.601,Moscow
1999-06-01,29.33,Mumbai
1999-07-01,26.637,Rome
1999-07-01,27.265,Tokyo
1999-07-01,25.669,New York
1999-07-01,12.602,Sydney
1999-07-01,20.413,Moscow
1999-07-01,27.915,Mumbai
1999-08-01,26.311,Rome
1999-08-01,28.627,Tokyo
1999-08-01,25.129,New York
1999-08-01,13.641,Sydney
1999-08-01,18.653,Moscow
1999-08-01,27.505,Mumbai
1999-09-01,22.107,Rome
1999-09-01,24.53,Tokyo
1999-09-01,20.483,New York
1999-09-01,16.413,Sydney
1999-09-01,12.028,Moscow
1999-09-01,28.193,Mumbai
1999-10-01,17.467,Rome
1999-10-01,18.479,Tokyo
1999-10-01,14.726,New York
1999-10-01,18.479,Sydney
1999-10-01,5.115,Moscow
1999-10-01,29.538,Mumbai
1999-11-01,12.029,Rome
1999-11-01,12.45,Tokyo
1999-11-01,8.028,New York
1999-11-01,20.06,Sydney
1999-11-01,-1.198,Moscow
1999-11-01,26.939,Mumbai
1999-12-01,8.269,Rome
1999-12-01,7.39,Tokyo
1999-12-01,2.409,New York
1999-12-01,22.538,Sydney
1999-12-01,-7.389,Moscow
1999-12-01,25.371,Mumbai
