dt,LandAverageTemperature,LandAverageTemperatureUncertainty
01/01/1750,2.083,1.619
01/02/1750,2.779,1.734
01/03/1750,,
01/04/1750,8.868,1.605
01/05/1750,12.479,1.712
01/06/1750,15.113,1.605
01/07/1750,16.205,1.751
01/08/1750,15.787,1.635
01/09/1750,,
01/10/1750,8.671,1.762
01/11/1750,4.968,1.684
01/12/1750,2.318,1.645
01/01/1751,2.18,1.755
01/02/1751,,
01/03/1751,5.214,1.56
01/04/1751,8.999,1.565
01/05/1751,12.325,1.633
01/06/1751,15.014,1.607
01/07/1751,16.102,1.583
01/08/1751,15.669,1.581
01/09/1751,12.772,1.679
01/10/1751,8.689,1.751
01/11/1751,4.905,1.619
01/12/1751,2.531,1.593
01/01/1752,2.176,1.694
01/02/1752,2.728,1.759
01/03/1752,5.193,1.67
01/04/1752,8.991,1.676
01/05/1752,12.333,1.779
01/06/1752,,
01/07/1752,16.331,1.728
01/08/1752,15.908,1.546
01/09/1752,12.748,1.773
01/10/1752,8.698,1.533
01/11/1752,4.839,1.597
01/12/1752,2.366,1.558
01/01/1753,1.817,1.739
01/02/1753,2.887,1.645
01/03/1753,5.409,1.595
01/04/1753,8.775,1.672
01/05/1753,12.414,1.715
01/06/1753,14.953,1.52
01/07/1753,16.476,1.74
01/08/1753,,
01/09/1753,12.812,1.541
01/10/1753,8.5,1.537
01/11/1753,4.908,1.639
01/12/1753,2.439,1.586
01/01/1754,2.03,1.645
01/02/1754,2.841,1.56
01/03/1754,5.377,1.62
01/04/1754,8.898,1.54
01/05/1754,12.319,1.568
01/06/1754,15.239,1.528
01/07/1754,,
01/08/1754,16.061,1.57
01/09/1754,12.617,1.744
01/10/1754,8.765,1.628
01/11/1754,4.931,1.534
01/12/1754,2.43,1.616
01/01/1755,,
01/02/1755,2.626,1.601
01/03/1755,5.263,1.548
01/04/1755,8.835,1.605
01/05/1755,12.404,1.611
01/06/1755,,
01/07/1755,16.432,1.742
01/08/1755,15.803,1.712
01/09/1755,,
01/10/1755,8.712,1.595
01/11/1755,4.884,1.614
01/12/1755,2.713,1.739
01/01/1756,1.926,1.529
01/02/1756,2.74,1.732
01/03/1756,5.013,1.504
01/04/1756,8.853,1.616
01/05/1756,12.573,1.51
01/06/1756,15.36,1.639
01/07/1756,16.211,1.713
01/08/1756,15.866,1.639
01/09/1756,12.466,1.621
01/10/1756,8.782,1.541
01/11/1756,4.914,1.658
01/12/1756,2.625,1.569
01/01/1757,2.226,1.73
01/02/1757,2.865,1.498
01/03/1757,5.18,1.7
01/04/1757,9.184,1.572
01/05/1757,12.5,1.633
01/06/1757,,
01/07/1757,16.248,1.646
01/08/1757,,
01/09/1757,12.725,1.548
01/10/1757,8.801,1.659
01/11/1757,4.844,1.602
01/12/1757,,
01/01/1758,2.022,1.471
01/02/1758,2.852,1.629
01/03/1758,,
01/04/1758,8.756,1.489
01/05/1758,12.532,1.679
01/06/1758,,
01/07/1758,16.115,1.669
01/08/1758,16.047,1.695
01/09/1758,12.608,1.665
01/10/1758,8.763,1.572
01/11/1758,5.064,1.686
01/12/1758,2.736,1.673
01/01/1759,2.302,1.543
01/02/1759,2.839,1.661
01/03/1759,,
01/04/1759,8.821,1.678
01/05/1759,12.447,1.575
01/06/1759,15.326,1.659
01/07/1759,16.286,1.542
01/08/1759,15.82,1.702
01/09/1759,12.532,1.705
01/10/1759,,
01/11/1759,4.983,1.701
01/12/1759,2.495,1.487
01/01/1760,2.096,1.602
01/02/1760,2.707,1.546
01/03/1760,5.204,1.45
01/04/1760,9.098,1.585
01/05/1760,,
01/06/1760,14.931,1.616
01/07/1760,16.119,1.63
01/08/1760,16.024,1.527
01/09/1760,12.528,1.482
01/10/1760,8.768,1.685
01/11/1760,5.046,1.525
01/12/1760,2.415,1.45
01/01/1761,1.968,1.604
01/02/1761,2.879,1.551
01/03/1761,4.957,1.639
01/04/1761,8.955,1.461
01/05/1761,12.339,1.645
01/06/1761,15.031,1.608
01/07/1761,16.22,1.501
01/08/1761,,
01/09/1761,12.466,1.489
01/10/1761,8.798,1.564
01/11/1761,4.904,1.628
01/12/1761,2.501,1.467
01/01/1762,,
01/02/1762,3.083,1.492
01/03/1762,5.005,1.597
01/04/1762,8.971,1.579
01/05/1762,12.541,1.61
01/06/1762,15.008,1.638
01/07/1762,16.371,1.549
01/08/1762,15.693,1.492
01/09/1762,12.627,1.587
01/10/1762,8.568,1.449
01/11/1762,,
01/12/1762,2.617,1.488
01/01/1763,2.102,1.522
01/02/1763,2.772,1.524
01/03/1763,4.986,1.566
01/04/1763,9.039,1.634
01/05/1763,12.404,1.508
01/06/1763,15.123,1.633
01/07/1763,16.04,1.557
01/08/1763,15.911,1.475
01/09/1763,12.587,1.504
01/10/1763,8.725,1.521
01/11/1763,,
01/12/1763,2.527,1.519
01/01/1764,2.285,1.444
01/02/1764,2.845,1.423
01/03/1764,5.241,1.6
01/04/1764,9.019,1.598
01/05/1764,12.415,1.415
01/06/1764,15.165,1.66
01/07/1764,16.093,1.573
01/08/1764,15.646,1.647
01/09/1764,12.684,1.442
01/10/1764,8.724,1.551
01/11/1764,4.852,1.452
01/12/1764,,
01/01/1765,,
01/02/1765,2.536,1.478
01/03/1765,,
01/04/1765,8.886,1.573
01/05/1765,12.582,1.613
01/06/1765,15.24,1.43
01/07/1765,16.239,1.507
01/08/1765,15.708,1.526
01/09/1765,12.748,1.426
01/10/1765,8.536,1.559
01/11/1765,4.883,1.583
01/12/1765,2.393,1.468
01/01/1766,1.984,1.499
01/02/1766,2.786,1.457
01/03/1766,5.243,1.61
01/04/1766,8.874,1.506
01/05/1766,12.397,1.603
01/06/1766,15.138,1.443
01/07/1766,16.085,1.565
01/08/1766,16.027,1.393
01/09/1766,12.783,1.512
01/10/1766,8.816,1.563
01/11/1766,4.706,1.413
01/12/1766,2.531,1.563
01/01/1767,2.001,1.513
01/02/1767,2.753,1.566
01/03/1767,,
01/04/1767,,
01/05/1767,12.222,1.426
01/06/1767,15.074,1.501
01/07/1767,,
01/08/1767,15.798,1.429
01/09/1767,12.629,1.514
01/10/1767,8.738,1.624
01/11/1767,4.9,1.597
01/12/1767,2.461,1.598
01/01/1768,,
01/02/1768,2.846,1.605
01/03/1768,5.275,1.389
01/04/1768,,
01/05/1768,,
01/06/1768,15.082,1.561
01/07/1768,16.243,1.501
01/08/1768,15.738,1.481
01/09/1768,12.724,1.525
01/10/1768,8.715,1.555
01/11/1768,4.943,1.535
01/12/1768,,
01/01/1769,2.254,1.508
01/02/1769,2.825,1.418
01/03/1769,5.185,1.532
01/04/1769,8.797,1.557
01/05/1769,12.275,1.466
01/06/1769,14.886,1.522
01/07/1769,16.244,1.401
01/08/1769,15.782,1.547
01/09/1769,12.608,1.532
01/10/1769,8.783,1.596
01/11/1769,4.874,1.37
01/12/1769,2.525,1.441
01/01/1770,2.382,1.559
01/02/1770,2.991,1.588
01/03/1770,5.18,1.36
01/04/1770,8.841,1.468
01/05/1770,12.49,1.496
01/06/1770,,
01/07/1770,16.162,1.518
01/08/1770,15.913,1.432
01/09/1770,12.556,1.553
01/10/1770,9.005,1.464
01/11/1770,4.783,1.451
01/12/1770,2.81,1.597
01/01/1771,2.007,1.387
01/02/1771,2.793,1.529
01/03/1771,5.231,1.477
01/04/1771,8.845,1.45
01/05/1771,12.659,1.492
01/06/1771,15.349,1.38
01/07/1771,16.176,1.588
01/08/1771,,
01/09/1771,12.696,1.519
01/10/1771,8.604,1.408
01/11/1771,5.015,1.478
01/12/1771,2.515,1.57
01/01/1772,2.302,1.399
01/02/1772,2.663,1.434
01/03/1772,5.006,1.401
01/04/1772,8.917,1.477
01/05/1772,12.36,1.465
01/06/1772,15.132,1.468
01/07/1772,16.126,1.377
01/08/1772,15.857,1.473
01/09/1772,12.634,1.516
01/10/1772,8.692,1.533
01/11/1772,4.813,1.575
01/12/1772,2.337,1.339
01/01/1773,1.925,1.539
01/02/1773,2.699,1.451
01/03/1773,5.208,1.484
01/04/1773,8.808,1.437
01/05/1773,12.332,1.482
01/06/1773,15.286,1.533
01/07/1773,16.153,1.5
01/08/1773,,
01/09/1773,12.784,1.55
01/10/1773,8.8,1.507
01/11/1773,5.068,1.538
01/12/1773,2.628,1.494
01/01/1774,2.336,1.383
01/02/1774,2.892,1.346
01/03/1774,,
01/04/1774,8.845,1.528
01/05/1774,12.446,1.346
01/06/1774,15.396,1.373
01/07/1774,16.448,1.535
01/08/1774,15.844,1.349
01/09/1774,12.541,1.47
01/10/1774,8.863,1.373
01/11/1774,4.968,1.431
01/12/1774,2.643,1.453
01/01/1775,2.233,1.544
01/02/1775,2.828,1.369
01/03/1775,5.155,1.312
01/04/1775,8.75,1.424
01/05/1775,12.384,1.452
01/06/1775,15.342,1.459
01/07/1775,16.149,1.465
01/08/1775,15.661,1.457
01/09/1775,12.57,1.41
01/10/1775,,
01/11/1775,,
01/12/1775,2.724,1.435
01/01/1776,1.874,1.498
01/02/1776,2.783,1.496
01/03/1776,,
01/04/1776,,
01/05/1776,12.667,1.471
01/06/1776,15.085,1.532
01/07/1776,16.093,1.293
01/08/1776,15.993,1.404
01/09/1776,12.56,1.496
01/10/1776,8.594,1.317
01/11/1776,5.181,1.43
01/12/1776,,
01/01/1777,2.254,1.356
01/02/1777,2.601,1.315
01/03/1777,5.189,1.304
01/04/1777,9.068,1.314
01/05/1777,12.342,1.516
01/06/1777,14.963,1.466
01/07/1777,16.189,1.402
01/08/1777,,
01/09/1777,12.547,1.518
01/10/1777,8.831,1.305
01/11/1777,4.618,1.37
01/12/1777,,
01/01/1778,2.214,1.436
01/02/1778,,
01/03/1778,5.259,1.301
01/04/1778,8.851,1.287
01/05/1778,12.46,1.487
01/06/1778,15.219,1.307
01/07/1778,,
01/08/1778,15.842,1.333
01/09/1778,12.624,1.274
01/10/1778,8.715,1.329
01/11/1778,4.956,1.455
01/12/1778,2.573,1.456
01/01/1779,2.165,1.287
01/02/1779,,
01/03/1779,5.29,1.39
01/04/1779,,
01/05/1779,12.319,1.432
01/06/1779,,
01/07/1779,16.383,1.276
01/08/1779,15.92,1.418
01/09/1779,12.463,1.393
01/10/1779,,
01/11/1779,4.87,1.423
01/12/1779,2.316,1.44
01/01/1780,2.059,1.335
01/02/1780,,
01/03/1780,5.083,1.344
01/04/1780,,
01/05/1780,12.468,1.274
01/06/1780,15.095,1.453
01/07/1780,,
01/08/1780,15.762,1.338
01/09/1780,12.642,1.43
01/10/1780,8.5,1.4
01/11/1780,4.868,1.414
01/12/1780,2.503,1.277
01/01/1781,2.006,1.384
01/02/1781,2.994,1.451
01/03/1781,,
01/04/1781,8.793,1.472
01/05/1781,12.435,1.416
01/06/1781,,
01/07/1781,,
01/08/1781,,
01/09/1781,12.641,1.345
01/10/1781,8.66,1.333
01/11/1781,,
01/12/1781,2.39,1.279
01/01/1782,2.101,1.395
01/02/1782,2.76,1.341
01/03/1782,5.247,1.337
01/04/1782,8.886,1.4
01/05/1782,12.427,1.329
01/06/1782,15.114,1.232
01/07/1782,16.261,1.294
01/08/1782,15.909,1.232
01/09/1782,12.698,1.406
01/10/1782,8.85,1.438
01/11/1782,,
01/12/1782,2.65,1.46
01/01/1783,2.008,1.397
01/02/1783,,
01/03/1783,5.149,1.375
01/04/1783,,
01/05/1783,12.497,1.367
01/06/1783,15.073,1.319
01/07/1783,16.19,1.262
01/08/1783,15.938,1.249
01/09/1783,12.739,1.402
01/10/1783,8.685,1.424
01/11/1783,4.995,1.371
01/12/1783,2.61,1.384
01/01/1784,2.169,1.399
01/02/1784,2.71,1.322
01/03/1784,5.092,1.366
01/04/1784,8.882,1.367
01/05/1784,12.567,1.286
01/06/1784,15.203,1.224
01/07/1784,16.2,1.224
01/08/1784,15.971,1.229
01/09/1784,12.751,1.337
01/10/1784,8.618,1.349
01/11/1784,5.053,1.412
01/12/1784,2.469,1.29
01/01/1785,2.176,1.226
01/02/1785,2.886,1.286
01/03/1785,5.177,1.262
01/04/1785,8.949,1.31
01/05/1785,12.514,1.271
01/06/1785,15.248,1.285
01/07/1785,,
01/08/1785,15.683,1.37
01/09/1785,12.622,1.427
01/10/1785,8.578,1.283
01/11/1785,5.021,1.442
01/12/1785,2.637,1.298
01/01/1786,2.248,1.284
01/02/1786,2.814,1.393
01/03/1786,5.346,1.361
01/04/1786,8.78,1.352
01/05/1786,12.379,1.235
01/06/1786,15.24,1.427
01/07/1786,16.262,1.209
01/08/1786,15.917,1.215
01/09/1786,12.78,1.199
01/10/1786,,
01/11/1786,4.902,1.398
01/12/1786,2.603,1.392
01/01/1787,2.041,1.349
01/02/1787,2.902,1.291
01/03/1787,5.253,1.314
01/04/1787,8.824,1.382
01/05/1787,12.513,1.417
01/06/1787,15.056,1.295
01/07/1787,16.146,1.422
01/08/1787,,
01/09/1787,12.655,1.399
01/10/1787,8.926,1.206
01/11/1787,5.013,1.371
01/12/1787,,
01/01/1788,1.888,1.226
01/02/1788,,
01/03/1788,5.39,1.229
01/04/1788,,
01/05/1788,12.665,1.332
01/06/1788,15.06,1.204
01/07/1788,16.346,1.205
01/08/1788,,
01/09/1788,12.738,1.379
01/10/1788,8.801,1.352
01/11/1788,,
01/12/1788,2.62,1.275
01/01/1789,2.102,1.386
01/02/1789,2.874,1.164
01/03/1789,5.262,1.267
01/04/1789,9.025,1.22
01/05/1789,,
01/06/1789,15.115,1.292
01/07/1789,16.411,1.258
01/08/1789,15.847,1.319
01/09/1789,12.658,1.357
01/10/1789,8.78,1.343
01/11/1789,,
01/12/1789,2.365,1.297
01/01/1790,2.255,1.266
01/02/1790,3.046,1.308
01/03/1790,5.452,1.264
01/04/1790,9.041,1.161
01/05/1790,12.73,1.279
01/06/1790,15.233,1.286
01/07/1790,16.262,1.239
01/08/1790,15.782,1.366
01/09/1790,12.742,1.372
01/10/1790,8.842,1.374
01/11/1790,5.099,1.274
01/12/1790,2.537,1.28
01/01/1791,2.155,1.291
01/02/1791,2.814,1.276
01/03/1791,5.417,1.217
01/04/1791,9.048,1.247
01/05/1791,12.441,1.358
01/06/1791,15.191,1.39
01/07/1791,16.552,1.159
01/08/1791,15.826,1.231
01/09/1791,12.535,1.176
01/10/1791,,
01/11/1791,5.152,1.232
01/12/1791,2.648,1.282
01/01/1792,2.038,1.223
01/02/1792,2.6,1.273
01/03/1792,,
01/04/1792,9.068,1.314
01/05/1792,12.348,1.195
01/06/1792,15.265,1.242
01/07/1792,,
01/08/1792,16.125,1.343
01/09/1792,12.769,1.152
01/10/1792,8.687,1.341
01/11/1792,4.939,1.266
01/12/1792,2.6,1.343
01/01/1793,2.32,1.318
01/02/1793,2.791,1.15
01/03/1793,5.403,1.127
01/04/1793,9.129,1.212
01/05/1793,12.31,1.142
01/06/1793,15.114,1.37
01/07/1793,,
01/08/1793,15.833,1.363
01/09/1793,12.494,1.206
01/10/1793,8.822,1.315
01/11/1793,5.096,1.228
01/12/1793,,
01/01/1794,2.21,1.191
01/02/1794,2.927,1.197
01/03/1794,5.452,1.173
01/04/1794,,
01/05/1794,12.42,1.236
01/06/1794,15.309,1.345
01/07/1794,16.164,1.261
01/08/1794,15.707,1.251
01/09/1794,12.704,1.27
01/10/1794,8.775,1.273
01/11/1794,4.82,1.235
01/12/1794,2.654,1.182
01/01/1795,1.955,1.271
01/02/1795,,
01/03/1795,5.142,1.151
01/04/1795,9.022,1.178
01/05/1795,,
01/06/1795,14.933,1.193
01/07/1795,16.214,1.167
01/08/1795,15.993,1.124
01/09/1795,12.547,1.162
01/10/1795,8.881,1.14
01/11/1795,4.879,1.291
01/12/1795,2.522,1.229
01/01/1796,2.163,1.326
01/02/1796,2.897,1.332
01/03/1796,5.249,1.214
01/04/1796,9.003,1.254
01/05/1796,12.246,1.198
01/06/1796,15.119,1.272
01/07/1796,16.192,1.233
01/08/1796,,
01/09/1796,12.469,1.16
01/10/1796,,
01/11/1796,5.091,1.289
01/12/1796,2.554,1.325
01/01/1797,,
01/02/1797,3.01,1.114
01/03/1797,5.144,1.232
01/04/1797,8.996,1.162
01/05/1797,12.666,1.265
01/06/1797,15.487,1.164
01/07/1797,16.09,1.155
01/08/1797,15.837,1.172
01/09/1797,12.832,1.279
01/10/1797,,
01/11/1797,4.665,1.276
01/12/1797,2.624,1.224
01/01/1798,2.113,1.227
01/02/1798,,
01/03/1798,,
01/04/1798,8.949,1.075
01/05/1798,12.583,1.173
01/06/1798,15.326,1.3
01/07/1798,16.273,1.105
01/08/1798,15.834,1.151
01/09/1798,12.574,1.113
01/10/1798,8.76,1.156
01/11/1798,5.003,1.231
01/12/1798,2.387,1.223
01/01/1799,2.182,1.116
01/02/1799,3.032,1.134
01/03/1799,5.328,1.139
01/04/1799,9.16,1.293
01/05/1799,12.47,1.229
01/06/1799,15.239,1.305
01/07/1799,16.487,1.133
01/08/1799,15.818,1.239
01/09/1799,12.592,1.18
01/10/1799,8.811,1.195
01/11/1799,4.957,1.214
01/12/1799,2.517,1.121
01/01/1800,2.013,1.063
01/02/1800,2.848,1.153
01/03/1800,5.27,1.243
01/04/1800,8.927,1.051
01/05/1800,12.218,1.152
01/06/1800,15.095,1.284
01/07/1800,16.38,1.1
01/08/1800,15.786,1.291
01/09/1800,12.606,1.277
01/10/1800,8.937,1.072
01/11/1800,4.848,1.231
01/12/1800,2.514,1.284
01/01/1801,2.247,1.261
01/02/1801,2.844,1.084
01/03/1801,5.643,1.139
01/04/1801,8.784,1.164
01/05/1801,12.766,1.272
01/06/1801,15.064,1.259
01/07/1801,16.438,1.067
01/08/1801,15.892,1.286
01/09/1801,12.605,1.176
01/10/1801,9.135,1.163
01/11/1801,5.2,1.157
01/12/1801,2.495,1.088
01/01/1802,2.239,1.145
01/02/1802,2.932,1.094
01/03/1802,5.362,1.228
01/04/1802,9.166,1.172
01/05/1802,12.488,1.244
01/06/1802,15.111,1.254
01/07/1802,16.352,1.052
01/08/1802,15.757,1.197
01/09/1802,12.711,1.111
01/10/1802,8.846,1.092
01/11/1802,4.979,1.218
01/12/1802,2.673,1.269
01/01/1803,2.126,1.023
01/02/1803,3.069,1.183
01/03/1803,5.272,1.05
01/04/1803,8.947,1.097
01/05/1803,12.37,1.244
01/06/1803,15.267,1.196
01/07/1803,16.265,1.249
01/08/1803,15.943,1.094
01/09/1803,12.624,1.053
01/10/1803,8.732,1.058
01/11/1803,4.985,1.124
01/12/1803,2.423,1.157
01/01/1804,2.043,1.176
01/02/1804,2.917,1.065
01/03/1804,5.293,1.228
01/04/1804,9.191,1.03
01/05/1804,12.313,1.03
01/06/1804,15.251,1.151
01/07/1804,16.429,1.136
01/08/1804,15.947,1.153
01/09/1804,12.752,1.14
01/10/1804,8.876,1.039
01/11/1804,5.033,1.033
01/12/1804,2.742,1.138
01/01/1805,2.239,1.128
01/02/1805,2.768,1.114
01/03/1805,5.416,1.202
01/04/1805,9.039,1.181
01/05/1805,12.316,1.186
01/06/1805,15.326,1.145
01/07/1805,16.397,1.016
01/08/1805,15.922,1.249
01/09/1805,12.733,1.233
01/10/1805,8.773,1.008
01/11/1805,4.819,1.191
01/12/1805,2.703,1.245
01/01/1806,2.117,1.238
01/02/1806,2.794,1.086
01/03/1806,5.472,1.084
01/04/1806,8.803,1.161
01/05/1806,12.415,1.153
01/06/1806,15.067,1.077
01/07/1806,16.358,1.122
01/08/1806,16.028,1.172
01/09/1806,12.695,0.996
01/10/1806,8.804,1.065
01/11/1806,4.924,1.123
01/12/1806,2.46,1.196
01/01/1807,2.198,1.049
01/02/1807,3.006,1.214
01/03/1807,5.287,1.182
01/04/1807,8.938,1.085
01/05/1807,12.521,0.984
01/06/1807,14.948,1.032
01/07/1807,16.321,1.129
01/08/1807,15.914,1.156
01/09/1807,12.884,1.081
01/10/1807,8.855,1.039
01/11/1807,5.045,0.994
01/12/1807,2.83,1.106
01/01/1808,2.144,1.153
01/02/1808,3.112,1.05
01/03/1808,5.152,1.05
01/04/1808,8.895,1.045
01/05/1808,12.608,1.025
01/06/1808,15.336,1.045
01/07/1808,16.569,1.19
01/08/1808,16.007,1.198
01/09/1808,12.609,1.094
01/10/1808,8.708,1.213
01/11/1808,5.165,1.166
01/12/1808,2.534,1.05
01/01/1809,2.141,1.054
01/02/1809,2.934,1.149
01/03/1809,5.07,1.035
01/04/1809,9.039,1.137
01/05/1809,12.592,1.101
01/06/1809,14.95,1.202
01/07/1809,16.24,1.021
01/08/1809,15.878,1.011
01/09/1809,12.536,1.172
01/10/1809,8.584,0.983
01/11/1809,4.988,1.027
01/12/1809,2.523,1.128
01/01/1810,2.008,0.997
01/02/1810,2.755,1.14
01/03/1810,5.278,1.07
01/04/1810,8.851,1.167
01/05/1810,12.353,0.954
01/06/1810,15.464,1.184
01/07/1810,16.361,1.2
01/08/1810,15.888,1.07
01/09/1810,12.71,1.001
01/10/1810,8.966,1.179
01/11/1810,4.806,1.045
01/12/1810,2.536,1.083
01/01/1811,2.145,1.068
01/02/1811,2.977,1.064
01/03/1811,5.58,1.057
01/04/1811,9.201,1.15
01/05/1811,12.604,1.043
01/06/1811,15.145,1.081
01/07/1811,16.317,1.005
01/08/1811,15.971,1.174
01/09/1811,12.595,0.978
01/10/1811,8.745,1.022
01/11/1811,4.839,1.065
01/12/1811,2.76,1.104
01/01/1812,2.17,1.135
01/02/1812,2.822,1.172
01/03/1812,5.219,0.972
01/04/1812,8.899,1.129
01/05/1812,12.6,1.052
01/06/1812,15.374,1.159
01/07/1812,16.141,0.945
01/08/1812,15.862,0.938
01/09/1812,12.872,1.097
01/10/1812,8.569,1.121
01/11/1812,4.81,0.988
01/12/1812,2.728,1.107
01/01/1813,2.351,1.013
01/02/1813,2.917,1.074
01/03/1813,5.226,1.041
01/04/1813,8.865,1.042
01/05/1813,12.661,0.923
01/06/1813,15.215,1.052
01/07/1813,16.258,0.924
01/08/1813,16.236,1.123
01/09/1813,12.609,1.147
01/10/1813,8.616,0.947
01/11/1813,5.065,0.968
01/12/1813,2.648,1.052
01/01/1814,2.249,1.009
01/02/1814,2.825,1.003
01/03/1814,5.183,1.158
01/04/1814,9.098,0.966
01/05/1814,12.418,1.073
01/06/1814,14.998,1.125
01/07/1814,16.315,1.005
01/08/1814,15.858,1.048
01/09/1814,12.727,0.953
01/10/1814,8.817,1.035
01/11/1814,4.819,1.051
01/12/1814,2.696,1.124
01/01/1815,2.335,0.911
01/02/1815,2.997,0.953
01/03/1815,5.483,1.019
01/04/1815,8.829,0.912
01/05/1815,12.758,1.125
01/06/1815,15.337,1.041
01/07/1815,16.584,0.979
01/08/1815,15.97,1.14
01/09/1815,12.542,1.078
01/10/1815,8.709,1.0
01/11/1815,5.077,0.96
01/12/1815,2.647,1.109
01/01/1816,2.02,0.973
01/02/1816,3.08,1.079
01/03/1816,5.545,1.071
01/04/1816,9.292,1.015
01/05/1816,12.555,0.999
01/06/1816,15.21,1.1
01/07/1816,16.205,1.129
01/08/1816,16.089,0.989
01/09/1816,12.72,0.958
01/10/1816,8.787,1.138
01/11/1816,4.904,1.125
01/12/1816,2.623,0.998
01/01/1817,2.143,0.901
01/02/1817,2.759,1.035
01/03/1817,5.375,0.901
01/04/1817,8.837,0.919
01/05/1817,12.478,1.065
01/06/1817,15.053,0.959
01/07/1817,16.328,0.957
01/08/1817,15.926,0.97
01/09/1817,12.71,0.927
01/10/1817,8.882,0.992
01/11/1817,4.903,0.887
01/12/1817,2.577,0.968
01/01/1818,2.356,0.951
01/02/1818,3.01,0.966
01/03/1818,5.29,0.891
01/04/1818,9.135,1.095
01/05/1818,12.795,1.013
01/06/1818,15.034,0.912
01/07/1818,16.273,0.945
01/08/1818,15.965,0.993
01/09/1818,12.839,0.975
01/10/1818,8.87,0.991
01/11/1818,5.101,0.932
01/12/1818,2.663,1.026
01/01/1819,2.157,0.887
01/02/1819,2.879,0.936
01/03/1819,5.425,1.015
01/04/1819,8.989,1.061
01/05/1819,12.471,1.064
01/06/1819,15.318,1.075
01/07/1819,16.387,0.94
01/08/1819,15.912,1.097
01/09/1819,12.755,1.101
01/10/1819,8.922,1.102
01/11/1819,4.975,0.983
01/12/1819,2.802,1.004
01/01/1820,2.231,1.054
01/02/1820,3.042,0.948
01/03/1820,5.442,0.998
01/04/1820,9.127,0.986
01/05/1820,12.462,1.088
01/06/1820,15.087,0.965
01/07/1820,16.292,0.923
01/08/1820,15.801,1.023
01/09/1820,12.815,0.952
01/10/1820,8.631,0.975
01/11/1820,4.965,1.015
01/12/1820,2.559,1.029
01/01/1821,2.239,1.088
01/02/1821,2.882,0.96
01/03/1821,5.212,1.07
01/04/1821,9.111,1.013
01/05/1821,12.323,0.93
01/06/1821,15.17,1.064
01/07/1821,16.161,0.861
01/08/1821,15.888,1.032
01/09/1821,12.666,1.002
01/10/1821,8.734,0.851
01/11/1821,5.207,0.94
01/12/1821,2.609,1.028
01/01/1822,2.354,0.833
01/02/1822,2.903,0.895
01/03/1822,5.185,0.975
01/04/1822,9.02,0.974
01/05/1822,12.417,1.023
01/06/1822,15.27,0.977
01/07/1822,16.219,0.836
01/08/1822,15.93,0.856
01/09/1822,12.465,0.859
01/10/1822,8.984,1.065
01/11/1822,5.095,0.944
01/12/1822,2.711,0.882
01/01/1823,2.097,0.93
01/02/1823,2.947,0.994
01/03/1823,5.29,1.023
01/04/1823,9.124,0.849
01/05/1823,12.633,0.989
01/06/1823,15.091,0.861
01/07/1823,16.421,0.864
01/08/1823,15.923,0.86
01/09/1823,12.451,0.878
01/10/1823,8.721,0.921
01/11/1823,5.101,0.928
01/12/1823,2.79,0.827
01/01/1824,2.175,0.958
01/02/1824,2.882,0.907
01/03/1824,5.312,0.998
01/04/1824,8.956,1.012
01/05/1824,12.586,1.028
01/06/1824,15.256,0.857
01/07/1824,16.274,0.876
01/08/1824,16.052,1.026
01/09/1824,12.566,0.959
01/10/1824,8.805,0.963
01/11/1824,4.94,1.021
01/12/1824,2.577,0.964
01/01/1825,2.31,0.874
01/02/1825,2.764,0.954
01/03/1825,5.392,0.829
01/04/1825,9.07,0.876
01/05/1825,12.612,0.928
01/06/1825,15.405,0.905
01/07/1825,16.413,0.846
01/08/1825,16.027,0.959
01/09/1825,12.677,1.05
01/10/1825,8.675,0.939
01/11/1825,4.971,0.879
01/12/1825,2.641,0.913
01/01/1826,2.346,0.792
01/02/1826,2.977,0.824
01/03/1826,5.463,0.916
01/04/1826,8.756,0.914
01/05/1826,12.49,1.0
01/06/1826,15.125,0.912
01/07/1826,16.365,0.98
01/08/1826,15.954,0.863
01/09/1826,12.716,0.832
01/10/1826,8.987,0.904
01/11/1826,5.03,0.927
01/12/1826,2.435,0.818
01/01/1827,2.398,0.986
01/02/1827,3.078,0.872
01/03/1827,5.357,0.96
01/04/1827,9.01,0.917
01/05/1827,12.597,0.988
01/06/1827,15.238,0.968
01/07/1827,16.206,0.892
01/08/1827,16.379,0.867
01/09/1827,12.794,1.028
01/10/1827,8.724,0.974
01/11/1827,5.06,0.927
01/12/1827,2.86,0.868
01/01/1828,2.203,0.811
01/02/1828,2.779,0.805
01/03/1828,5.366,0.785
01/04/1828,9.123,0.858
01/05/1828,12.515,0.851
01/06/1828,15.391,0.946
01/07/1828,16.321,0.985
01/08/1828,16.036,1.016
01/09/1828,12.721,1.011
01/10/1828,8.796,0.966
01/11/1828,5.372,0.987
01/12/1828,2.461,0.802
01/01/1829,2.307,0.938
01/02/1829,2.879,0.967
01/03/1829,5.359,0.882
01/04/1829,8.867,0.904
01/05/1829,12.532,0.873
01/06/1829,15.37,0.918
01/07/1829,16.385,0.889
01/08/1829,15.91,0.83
01/09/1829,12.853,0.998
01/10/1829,8.802,0.842
01/11/1829,5.253,0.943
01/12/1829,2.65,0.943
01/01/1830,2.078,0.84
01/02/1830,2.995,0.766
01/03/1830,5.267,0.857
01/04/1830,9.031,0.803
01/05/1830,12.523,0.834
01/06/1830,15.473,0.894
01/07/1830,16.222,0.836
01/08/1830,15.893,0.921
01/09/1830,12.801,0.946
01/10/1830,8.865,0.865
01/11/1830,5.217,0.86
01/12/1830,2.816,0.75
01/01/1831,2.329,0.912
01/02/1831,2.93,0.773
01/03/1831,5.31,0.973
01/04/1831,8.994,0.809
01/05/1831,12.5,0.833
01/06/1831,15.176,0.966
01/07/1831,16.412,0.816
01/08/1831,16.055,0.915
01/09/1831,12.769,0.916
01/10/1831,9.026,0.74
01/11/1831,4.988,0.797
01/12/1831,2.661,0.91
01/01/1832,2.439,0.934
01/02/1832,2.965,0.977
01/03/1832,5.297,0.748
01/04/1832,9.084,0.826
01/05/1832,12.547,0.808
01/06/1832,15.198,0.95
01/07/1832,16.488,0.918
01/08/1832,16.111,0.763
01/09/1832,12.82,0.863
01/10/1832,8.851,0.732
01/11/1832,4.978,0.911
01/12/1832,2.549,0.887
01/01/1833,2.328,0.892
01/02/1833,3.057,0.935
01/03/1833,5.403,0.908
01/04/1833,9.085,0.867
01/05/1833,12.326,0.799
01/06/1833,15.462,0.755
01/07/1833,16.348,0.858
01/08/1833,16.006,0.87
01/09/1833,12.594,0.893
01/10/1833,8.726,0.932
01/11/1833,5.001,0.849
01/12/1833,2.571,0.847
01/01/1834,2.257,0.724
01/02/1834,2.858,0.934
01/03/1834,5.493,0.738
01/04/1834,9.019,0.835
01/05/1834,12.436,0.954
01/06/1834,15.177,0.957
01/07/1834,16.417,0.925
01/08/1834,15.933,0.852
01/09/1834,12.638,0.901
01/10/1834,8.995,0.949
01/11/1834,5.061,0.727
01/12/1834,2.637,0.776
01/01/1835,2.302,0.897
01/02/1835,2.972,0.827
01/03/1835,5.263,0.804
01/04/1835,8.959,0.875
01/05/1835,12.69,0.854
01/06/1835,15.335,0.769
01/07/1835,16.308,0.751
01/08/1835,16.095,0.902
01/09/1835,12.645,0.859
01/10/1835,8.834,0.909
01/11/1835,5.043,0.875
01/12/1835,2.621,0.882
01/01/1836,2.287,0.712
01/02/1836,2.93,0.799
01/03/1836,5.206,0.767
01/04/1836,9.111,0.875
01/05/1836,12.56,0.867
01/06/1836,15.203,0.865
01/07/1836,16.517,0.821
01/08/1836,16.218,0.886
01/09/1836,12.75,0.722
01/10/1836,8.792,0.885
01/11/1836,5.034,0.883
01/12/1836,2.912,0.697
01/01/1837,2.3,0.696
01/02/1837,2.877,0.858
01/03/1837,5.323,0.794
01/04/1837,9.044,0.77
01/05/1837,12.411,0.772
01/06/1837,15.266,0.744
01/07/1837,16.491,0.861
01/08/1837,16.061,0.737
01/09/1837,12.73,0.896
01/10/1837,8.864,0.741
01/11/1837,4.95,0.718
01/12/1837,2.687,0.913
01/01/1838,2.364,0.898
01/02/1838,2.85,0.855
01/03/1838,5.276,0.774
01/04/1838,9.12,0.85
01/05/1838,12.562,0.763
01/06/1838,15.316,0.796
01/07/1838,16.43,0.871
01/08/1838,15.925,0.915
01/09/1838,12.812,0.786
01/10/1838,8.856,0.741
01/11/1838,5.129,0.808
01/12/1838,2.58,0.672
01/01/1839,2.318,0.736
01/02/1839,3.118,0.816
01/03/1839,5.215,0.783
01/04/1839,9.107,0.853
01/05/1839,12.658,0.85
01/06/1839,15.514,0.721
01/07/1839,16.494,0.718
01/08/1839,15.976,0.747
01/09/1839,12.902,0.898
01/10/1839,8.663,0.66
01/11/1839,4.943,0.842
01/12/1839,2.476,0.686
01/01/1840,2.187,0.773
01/02/1840,2.957,0.665
01/03/1840,5.563,0.673
01/04/1840,9.07,0.88
01/05/1840,12.69,0.825
01/06/1840,15.186,0.743
01/07/1840,16.423,0.674
01/08/1840,15.966,0.683
01/09/1840,12.794,0.792
01/10/1840,8.831,0.759
01/11/1840,5.16,0.715
01/12/1840,2.654,0.729
01/01/1841,2.335,0.824
01/02/1841,2.799,0.72
01/03/1841,5.37,0.691
01/04/1841,9.123,0.835
01/05/1841,12.516,0.681
01/06/1841,15.241,0.757
01/07/1841,16.252,0.881
01/08/1841,16.058,0.692
01/09/1841,12.742,0.67
01/10/1841,8.964,0.679
01/11/1841,4.988,0.814
01/12/1841,2.469,0.65
01/01/1842,2.334,0.653
01/02/1842,2.887,0.692
01/03/1842,5.29,0.799
01/04/1842,9.192,0.695
01/05/1842,12.609,0.731
01/06/1842,15.277,0.743
01/07/1842,16.378,0.746
01/08/1842,15.888,0.831
01/09/1842,12.79,0.838
01/10/1842,8.893,0.876
01/11/1842,5.231,0.723
01/12/1842,2.842,0.788
01/01/1843,2.184,0.685
01/02/1843,2.856,0.823
01/03/1843,5.425,0.846
01/04/1843,9.087,0.731
01/05/1843,12.761,0.827
01/06/1843,15.47,0.703
01/07/1843,16.51,0.662
01/08/1843,16.016,0.763
01/09/1843,12.834,0.627
01/10/1843,8.773,0.791
01/11/1843,5.12,0.667
01/12/1843,2.755,0.69
01/01/1844,2.307,0.765
01/02/1844,2.962,0.671
01/03/1844,5.349,0.748
01/04/1844,9.202,0.625
01/05/1844,12.572,0.66
01/06/1844,15.348,0.831
01/07/1844,16.217,0.811
01/08/1844,15.956,0.809
01/09/1844,12.993,0.7
01/10/1844,8.87,0.746
01/11/1844,4.82,0.736
01/12/1844,2.709,0.707
01/01/1845,2.331,0.655
01/02/1845,3.081,0.824
01/03/1845,5.394,0.848
01/04/1845,9.045,0.732
01/05/1845,12.636,0.843
01/06/1845,14.814,0.625
01/07/1845,16.334,0.804
01/08/1845,15.907,0.829
01/09/1845,13.164,0.655
01/10/1845,9.025,0.812
01/11/1845,5.119,0.81
01/12/1845,2.579,0.811
01/01/1846,2.361,0.792
01/02/1846,3.133,0.764
01/03/1846,5.413,0.765
01/04/1846,9.074,0.827
01/05/1846,12.447,0.637
01/06/1846,15.229,0.837
01/07/1846,16.492,0.667
01/08/1846,15.894,0.713
01/09/1846,12.862,0.645
01/10/1846,8.936,0.722
01/11/1846,5.357,0.64
01/12/1846,2.69,0.623
01/01/1847,2.236,0.791
01/02/1847,2.728,0.661
01/03/1847,5.549,0.809
01/04/1847,9.113,0.774
01/05/1847,12.727,0.82
01/06/1847,15.096,0.673
01/07/1847,16.504,0.605
01/08/1847,15.948,0.655
01/09/1847,12.837,0.817
01/10/1847,8.944,0.778
01/11/1847,5.26,0.624
01/12/1847,2.649,0.822
01/01/1848,2.198,0.767
01/02/1848,2.735,0.626
01/03/1848,5.331,0.647
01/04/1848,9.054,0.742
01/05/1848,12.729,0.807
01/06/1848,15.433,0.807
01/07/1848,16.094,0.811
01/08/1848,16.237,0.578
01/09/1848,12.578,0.812
01/10/1848,8.732,0.625
01/11/1848,4.836,0.605
01/12/1848,2.581,0.756
01/01/1849,2.322,0.602
01/02/1849,3.337,0.781
01/03/1849,5.556,0.72
01/04/1849,9.196,0.782
01/05/1849,12.508,0.622
01/06/1849,15.327,0.577
01/07/1849,16.394,0.56
01/08/1849,16.054,0.656
01/09/1849,12.762,0.781
01/10/1849,8.582,0.683
01/11/1849,4.987,0.585
01/12/1849,2.801,0.68
01/01/1850,2.413,0.722
01/02/1850,2.868,0.591
01/03/1850,5.607,0.624
01/04/1850,9.203,0.63
01/05/1850,12.644,0.593
01/06/1850,15.285,0.644
01/07/1850,16.382,0.775
01/08/1850,15.849,0.573
01/09/1850,12.662,0.671
01/10/1850,8.807,0.558
01/11/1850,5.166,0.772
01/12/1850,2.674,0.589
01/01/1851,2.367,0.587
01/02/1851,3.05,0.714
01/03/1851,5.368,0.606
01/04/1851,8.91,0.61
01/05/1851,12.605,0.683
01/06/1851,15.34,0.75
01/07/1851,16.466,0.647
01/08/1851,16.095,0.614
01/09/1851,12.716,0.59
01/10/1851,8.763,0.546
01/11/1851,5.149,0.56
01/12/1851,2.789,0.751
01/01/1852,2.261,0.652
01/02/1852,3.117,0.695
01/03/1852,5.531,0.576
01/04/1852,9.186,0.751
01/05/1852,12.515,0.596
01/06/1852,15.4,0.646
01/07/1852,16.418,0.545
01/08/1852,16.098,0.718
01/09/1852,12.779,0.616
01/10/1852,8.86,0.665
01/11/1852,5.262,0.668
01/12/1852,2.675,0.74
01/01/1853,2.359,0.654
01/02/1853,2.893,0.737
01/03/1853,5.162,0.639
01/04/1853,9.146,0.54
01/05/1853,12.762,0.646
01/06/1853,15.198,0.745
01/07/1853,16.463,0.675
01/08/1853,15.835,0.55
01/09/1853,12.81,0.766
01/10/1853,8.833,0.763
01/11/1853,5.129,0.626
01/12/1853,2.649,0.767
01/01/1854,1.931,0.667
01/02/1854,3.172,0.719
01/03/1854,5.396,0.739
01/04/1854,9.373,0.527
01/05/1854,12.517,0.592
01/06/1854,15.388,0.579
01/07/1854,16.174,0.707
01/08/1854,16.073,0.666
01/09/1854,12.686,0.614
01/10/1854,8.892,0.547
01/11/1854,4.937,0.745
01/12/1854,2.603,0.741
01/01/1855,2.261,0.572
01/02/1855,2.991,0.634
01/03/1855,5.343,0.596
01/04/1855,9.215,0.621
01/05/1855,12.586,0.569
01/06/1855,15.291,0.536
01/07/1855,16.269,0.51
01/08/1855,15.896,0.722
01/09/1855,12.769,0.686
01/10/1855,8.989,0.73
01/11/1855,5.131,0.704
01/12/1855,2.697,0.576
01/01/1856,2.288,0.664
01/02/1856,3.152,0.515
01/03/1856,5.459,0.734
01/04/1856,9.067,0.601
01/05/1856,12.658,0.594
01/06/1856,15.23,0.651
01/07/1856,16.446,0.696
01/08/1856,16.091,0.675
01/09/1856,12.829,0.695
01/10/1856,8.674,0.619
01/11/1856,5.171,0.617
01/12/1856,2.802,0.524
01/01/1857,2.464,0.487
01/02/1857,2.819,0.528
01/03/1857,5.531,0.542
01/04/1857,8.919,0.594
01/05/1857,12.78,0.548
01/06/1857,15.225,0.686
01/07/1857,16.247,0.511
01/08/1857,16.012,0.488
01/09/1857,12.705,0.524
01/10/1857,9.033,0.698
01/11/1857,5.022,0.521
01/12/1857,2.66,0.704
01/01/1858,2.319,0.541
01/02/1858,2.837,0.567
01/03/1858,5.501,0.711
01/04/1858,9.254,0.684
01/05/1858,12.511,0.537
01/06/1858,15.176,0.572
01/07/1858,16.627,0.662
01/08/1858,16.046,0.472
01/09/1858,12.967,0.62
01/10/1858,8.829,0.472
01/11/1858,5.117,0.546
01/12/1858,2.937,0.712
01/01/1859,2.244,0.554
01/02/1859,2.924,0.547
01/03/1859,5.421,0.629
01/04/1859,9.257,0.666
01/05/1859,12.578,0.588
01/06/1859,15.356,0.626
01/07/1859,16.487,0.622
01/08/1859,15.926,0.612
01/09/1859,12.805,0.476
01/10/1859,8.977,0.707
01/11/1859,4.971,0.525
01/12/1859,2.538,0.638
01/01/1860,2.404,0.487
01/02/1860,2.962,0.641
01/03/1860,5.601,0.651
01/04/1860,8.997,0.6
01/05/1860,12.529,0.63
01/06/1860,15.172,0.614
01/07/1860,16.518,0.555
01/08/1860,16.024,0.547
01/09/1860,13.009,0.593
01/10/1860,8.967,0.497
01/11/1860,5.113,0.584
01/12/1860,2.641,0.646
01/01/1861,2.477,0.567
01/02/1861,2.929,0.651
01/03/1861,5.56,0.485
01/04/1861,8.921,0.464
01/05/1861,12.692,0.642
01/06/1861,15.395,0.631
01/07/1861,16.502,0.524
01/08/1861,16.193,0.462
01/09/1861,12.706,0.517
01/10/1861,9.084,0.637
01/11/1861,5.082,0.514
01/12/1861,2.809,0.653
01/01/1862,2.094,0.576
01/02/1862,3.075,0.666
01/03/1862,5.658,0.555
01/04/1862,9.24,0.647
01/05/1862,12.556,0.444
01/06/1862,15.399,0.644
01/07/1862,16.483,0.532
01/08/1862,16.092,0.572
01/09/1862,12.941,0.509
01/10/1862,8.857,0.609
01/11/1862,5.156,0.588
01/12/1862,2.594,0.474
01/01/1863,2.326,0.488
01/02/1863,3.025,0.61
01/03/1863,5.533,0.542
01/04/1863,9.311,0.611
01/05/1863,12.774,0.578
01/06/1863,15.42,0.521
01/07/1863,16.549,0.429
01/08/1863,16.008,0.47
01/09/1863,12.819,0.501
01/10/1863,8.948,0.628
01/11/1863,5.199,0.577
01/12/1863,2.901,0.482
01/01/1864,2.298,0.442
01/02/1864,2.933,0.506
01/03/1864,5.374,0.616
01/04/1864,9.098,0.485
01/05/1864,12.587,0.559
01/06/1864,15.523,0.494
01/07/1864,16.737,0.496
01/08/1864,15.781,0.635
01/09/1864,12.787,0.647
01/10/1864,8.996,0.64
01/11/1864,5.065,0.592
01/12/1864,2.785,0.443
01/01/1865,2.323,0.442
01/02/1865,2.879,0.492
01/03/1865,5.419,0.619
01/04/1865,9.112,0.464
01/05/1865,12.602,0.649
01/06/1865,15.331,0.565
01/07/1865,16.425,0.572
01/08/1865,16.019,0.504
01/09/1865,12.728,0.519
01/10/1865,9.042,0.438
01/11/1865,5.082,0.475
01/12/1865,2.579,0.565
01/01/1866,2.292,0.541
01/02/1866,2.96,0.424
01/03/1866,5.469,0.57
01/04/1866,9.092,0.419
01/05/1866,12.684,0.44
01/06/1866,15.379,0.44
01/07/1866,16.43,0.44
01/08/1866,16.187,0.566
01/09/1866,12.832,0.514
01/10/1866,8.974,0.442
01/11/1866,5.24,0.391
01/12/1866,2.698,0.558
01/01/1867,2.534,0.547
01/02/1867,2.918,0.417
01/03/1867,5.565,0.561
01/04/1867,9.221,0.405
01/05/1867,12.641,0.627
01/06/1867,15.431,0.454
01/07/1867,16.39,0.424
01/08/1867,16.056,0.39
01/09/1867,12.79,0.458
01/10/1867,9.153,0.565
01/11/1867,5.311,0.391
01/12/1867,2.858,0.593
01/01/1868,2.309,0.459
01/02/1868,2.984,0.479
01/03/1868,5.269,0.393
01/04/1868,8.976,0.574
01/05/1868,12.697,0.611
01/06/1868,15.458,0.438
01/07/1868,16.271,0.57
01/08/1868,16.201,0.532
01/09/1868,12.864,0.544
01/10/1868,8.891,0.385
01/11/1868,5.213,0.474
01/12/1868,2.722,0.518
01/01/1869,2.408,0.405
01/02/1869,2.878,0.455
01/03/1869,5.431,0.531
01/04/1869,9.172,0.57
01/05/1869,12.712,0.59
01/06/1869,15.339,0.388
01/07/1869,16.418,0.425
01/08/1869,16.069,0.439
01/09/1869,12.799,0.552
01/10/1869,8.776,0.504
01/11/1869,4.845,0.527
01/12/1869,2.618,0.445
01/01/1870,2.168,0.374
01/02/1870,3.025,0.515
01/03/1870,5.453,0.519
01/04/1870,9.263,0.446
01/05/1870,12.734,0.597
01/06/1870,15.222,0.364
01/07/1870,16.409,0.562
01/08/1870,15.997,0.563
01/09/1870,12.885,0.473
01/10/1870,8.918,0.41
01/11/1870,5.19,0.406
01/12/1870,2.745,0.511
01/01/1871,2.283,0.455
01/02/1871,3.105,0.54
01/03/1871,5.231,0.452
01/04/1871,9.231,0.37
01/05/1871,12.48,0.366
01/06/1871,15.358,0.443
01/07/1871,16.453,0.363
01/08/1871,16.054,0.491
01/09/1871,12.78,0.467
01/10/1871,8.885,0.392
01/11/1871,5.016,0.431
01/12/1871,2.496,0.354
01/01/1872,2.38,0.47
01/02/1872,3.188,0.485
01/03/1872,5.285,0.509
01/04/1872,9.187,0.359
01/05/1872,12.663,0.415
01/06/1872,15.273,0.537
01/07/1872,16.555,0.46
01/08/1872,16.036,0.506
01/09/1872,12.927,0.365
01/10/1872,8.978,0.509
01/11/1872,5.148,0.483
01/12/1872,2.702,0.377
01/01/1873,2.469,0.434
01/02/1873,3.01,0.515
01/03/1873,5.449,0.424
01/04/1873,9.104,0.552
01/05/1873,12.744,0.513
01/06/1873,15.224,0.433
01/07/1873,16.297,0.354
01/08/1873,15.809,0.445
01/09/1873,12.823,0.554
01/10/1873,8.953,0.53
01/11/1873,5.018,0.55
01/12/1873,2.776,0.364
01/01/1874,2.192,0.342
01/02/1874,2.971,0.407
01/03/1874,5.263,0.436
01/04/1874,9.017,0.406
01/05/1874,12.928,0.501
01/06/1874,15.329,0.378
01/07/1874,16.774,0.423
01/08/1874,15.991,0.343
01/09/1874,12.704,0.497
01/10/1874,9.06,0.385
01/11/1874,5.092,0.488
01/12/1874,2.536,0.544
01/01/1875,2.312,0.456
01/02/1875,3.007,0.373
01/03/1875,5.365,0.545
01/04/1875,9.314,0.463
01/05/1875,12.803,0.474
01/06/1875,15.329,0.381
01/07/1875,16.55,0.42
01/08/1875,16.14,0.443
01/09/1875,12.804,0.487
01/10/1875,8.858,0.51
01/11/1875,5.114,0.502
01/12/1875,2.993,0.431
01/01/1876,2.435,0.458
01/02/1876,3.079,0.34
01/03/1876,5.469,0.362
01/04/1876,9.098,0.353
01/05/1876,12.767,0.364
01/06/1876,15.213,0.478
01/07/1876,16.684,0.316
01/08/1876,16.113,0.507
01/09/1876,12.853,0.476
01/10/1876,8.729,0.43
01/11/1876,5.185,0.49
01/12/1876,2.978,0.362
01/01/1877,2.231,0.377
01/02/1877,2.836,0.519
01/03/1877,5.574,0.418
01/04/1877,9.156,0.283
01/05/1877,12.67,0.475
01/06/1877,15.539,0.498
01/07/1877,16.599,0.456
01/08/1877,15.84,0.442
01/09/1877,12.876,0.431
01/10/1877,8.821,0.474
01/11/1877,5.269,0.324
01/12/1877,2.749,0.451
01/01/1878,2.403,0.398
01/02/1878,3.143,0.364
01/03/1878,5.337,0.303
01/04/1878,9.241,0.416
01/05/1878,12.671,0.447
01/06/1878,15.482,0.309
01/07/1878,16.535,0.283
01/08/1878,16.161,0.503
01/09/1878,12.742,0.393
01/10/1878,8.857,0.413
01/11/1878,5.042,0.349
01/12/1878,2.938,0.325
01/01/1879,2.395,0.386
01/02/1879,3.118,0.364
01/03/1879,5.426,0.315
01/04/1879,9.165,0.313
01/05/1879,12.621,0.315
01/06/1879,15.476,0.448
01/07/1879,16.08,0.466
01/08/1879,16.0,0.505
01/09/1879,13.055,0.371
01/10/1879,8.987,0.486
01/11/1879,5.051,0.5
01/12/1879,2.668,0.431
01/01/1880,2.265,0.486
01/02/1880,3.321,0.346
01/03/1880,5.385,0.478
01/04/1880,9.155,0.456
01/05/1880,12.527,0.361
01/06/1880,15.533,0.261
01/07/1880,16.543,0.378
01/08/1880,16.033,0.487
01/09/1880,13.029,0.384
01/10/1880,9.241,0.252
01/11/1880,5.344,0.443
01/12/1880,2.851,0.466
01/01/1881,2.333,0.374
01/02/1881,3.109,0.416
01/03/1881,5.688,0.402
01/04/1881,9.152,0.475
01/05/1881,12.681,0.355
01/06/1881,15.313,0.323
01/07/1881,16.517,0.439
01/08/1881,16.104,0.38
01/09/1881,12.806,0.305
01/10/1881,8.944,0.337
01/11/1881,5.095,0.244
01/12/1881,2.689,0.408
01/01/1882,2.218,0.385
01/02/1882,3.048,0.419
01/03/1882,5.325,0.248
01/04/1882,9.09,0.462
01/05/1882,12.851,0.305
01/06/1882,15.516,0.252
01/07/1882,16.498,0.329
01/08/1882,15.957,0.395
01/09/1882,12.739,0.264
01/10/1882,9.01,0.328
01/11/1882,5.23,0.47
01/12/1882,2.641,0.266
01/01/1883,2.271,0.419
01/02/1883,2.85,0.402
01/03/1883,5.284,0.358
01/04/1883,9.398,0.359
01/05/1883,12.697,0.369
01/06/1883,15.397,0.354
01/07/1883,16.585,0.407
01/08/1883,16.055,0.446
01/09/1883,12.82,0.381
01/10/1883,9.091,0.348
01/11/1883,5.233,0.429
01/12/1883,2.86,0.269
01/01/1884,2.481,0.423
01/02/1884,3.287,0.423
01/03/1884,5.843,0.325
01/04/1884,9.032,0.347
01/05/1884,12.68,0.235
01/06/1884,15.435,0.391
01/07/1884,16.384,0.242
01/08/1884,16.1,0.374
01/09/1884,13.026,0.435
01/10/1884,9.089,0.289
01/11/1884,5.033,0.286
01/12/1884,2.842,0.356
01/01/1885,2.289,0.279
01/02/1885,3.048,0.307
01/03/1885,5.584,0.255
01/04/1885,9.197,0.385
01/05/1885,12.483,0.234
01/06/1885,15.484,0.383
01/07/1885,16.59,0.29
01/08/1885,16.001,0.276
01/09/1885,12.823,0.352
01/10/1885,8.97,0.41
01/11/1885,5.236,0.335
01/12/1885,2.743,0.266
01/01/1886,2.433,0.209
01/02/1886,3.066,0.195
01/03/1886,5.467,0.335
01/04/1886,9.196,0.291
01/05/1886,12.476,0.328
01/06/1886,15.257,0.326
01/07/1886,16.633,0.384
01/08/1886,16.096,0.281
01/09/1886,12.931,0.373
01/10/1886,9.2,0.263
01/11/1886,5.057,0.289
01/12/1886,2.828,0.316
01/01/1887,2.278,0.382
01/02/1887,2.901,0.334
01/03/1887,5.572,0.292
01/04/1887,9.324,0.225
01/05/1887,12.867,0.422
01/06/1887,15.344,0.364
01/07/1887,16.387,0.235
01/08/1887,16.111,0.302
01/09/1887,13.006,0.191
01/10/1887,9.044,0.232
01/11/1887,5.295,0.297
01/12/1887,2.737,0.294
01/01/1888,2.725,0.251
01/02/1888,3.199,0.346
01/03/1888,5.279,0.379
01/04/1888,9.172,0.236
01/05/1888,12.631,0.333
01/06/1888,15.382,0.261
01/07/1888,16.372,0.299
01/08/1888,15.915,0.264
01/09/1888,13.023,0.258
01/10/1888,8.923,0.387
01/11/1888,5.065,0.321
01/12/1888,2.814,0.295
01/01/1889,2.452,0.179
01/02/1889,3.161,0.321
01/03/1889,5.524,0.251
01/04/1889,9.28,0.339
01/05/1889,12.769,0.363
01/06/1889,15.464,0.34
01/07/1889,16.369,0.213
01/08/1889,16.121,0.2
01/09/1889,12.918,0.171
01/10/1889,8.983,0.303
01/11/1889,5.295,0.17
01/12/1889,2.949,0.303
01/01/1890,2.495,0.195
01/02/1890,3.14,0.39
01/03/1890,5.383,0.155
01/04/1890,9.118,0.33
01/05/1890,12.657,0.171
01/06/1890,15.325,0.262
01/07/1890,16.749,0.193
01/08/1890,16.097,0.358
01/09/1890,12.736,0.355
01/10/1890,8.882,0.195
01/11/1890,5.158,0.331
01/12/1890,2.729,0.236
01/01/1891,2.258,0.197
01/02/1891,3.157,0.236
01/03/1891,5.574,0.355
01/04/1891,9.262,0.266
01/05/1891,12.651,0.164
01/06/1891,15.444,0.259
01/07/1891,16.486,0.336
01/08/1891,16.089,0.266
01/09/1891,13.013,0.173
01/10/1891,9.104,0.291
01/11/1891,5.331,0.334
01/12/1891,2.585,0.302
01/01/1892,2.3,0.141
01/02/1892,3.098,0.262
01/03/1892,5.542,0.327
01/04/1892,9.428,0.225
01/05/1892,12.547,0.32
01/06/1892,15.309,0.304
01/07/1892,16.567,0.249
01/08/1892,16.151,0.188
01/09/1892,12.976,0.349
01/10/1892,8.938,0.232
01/11/1892,5.285,0.327
01/12/1892,2.989,0.274
01/01/1893,2.428,0.284
01/02/1893,3.127,0.292
01/03/1893,5.471,0.159
01/04/1893,9.321,0.283
01/05/1893,12.712,0.226
01/06/1893,15.653,0.211
01/07/1893,16.488,0.309
01/08/1893,16.296,0.223
01/09/1893,12.946,0.213
01/10/1893,8.882,0.259
01/11/1893,5.214,0.206
01/12/1893,2.92,0.296
01/01/1894,2.399,0.275
01/02/1894,2.885,0.297
01/03/1894,5.344,0.15
01/04/1894,9.281,0.164
01/05/1894,12.631,0.248
01/06/1894,15.484,0.284
01/07/1894,16.501,0.351
01/08/1894,16.051,0.111
01/09/1894,12.976,0.341
01/10/1894,9.056,0.219
01/11/1894,5.298,0.13
01/12/1894,2.853,0.119
01/01/1895,2.164,0.253
01/02/1895,3.353,0.23
01/03/1895,5.484,0.336
01/04/1895,9.065,0.305
01/05/1895,12.641,0.15
01/06/1895,15.323,0.264
01/07/1895,16.555,0.108
01/08/1895,16.03,0.25
01/09/1895,12.836,0.142
01/10/1895,9.014,0.109
01/11/1895,5.223,0.139
01/12/1895,2.826,0.349
01/01/1896,2.446,0.189
01/02/1896,3.015,0.237
01/03/1896,5.331,0.107
01/04/1896,9.204,0.113
01/05/1896,12.677,0.319
01/06/1896,15.646,0.177
01/07/1896,16.62,0.242
01/08/1896,16.103,0.139
01/09/1896,13.067,0.155
01/10/1896,8.958,0.192
01/11/1896,5.262,0.164
01/12/1896,2.854,0.327
01/01/1897,2.527,0.299
01/02/1897,2.844,0.283
01/03/1897,5.364,0.322
01/04/1897,9.145,0.221
01/05/1897,12.754,0.32
01/06/1897,15.228,0.195
01/07/1897,16.374,0.087
01/08/1897,16.167,0.109
01/09/1897,13.083,0.329
01/10/1897,9.098,0.249
01/11/1897,5.242,0.319
01/12/1897,2.932,0.209
01/01/1898,2.658,0.132
01/02/1898,3.145,0.093
01/03/1898,5.429,0.089
01/04/1898,9.034,0.303
01/05/1898,12.62,0.294
01/06/1898,15.448,0.137
01/07/1898,16.703,0.297
01/08/1898,16.072,0.195
01/09/1898,12.992,0.288
01/10/1898,9.217,0.122
01/11/1898,5.258,0.225
01/12/1898,2.918,0.109
01/01/1899,2.646,0.229
01/02/1899,3.302,0.226
01/03/1899,5.38,0.195
01/04/1899,9.101,0.071
01/05/1899,12.568,0.183
01/06/1899,15.453,0.306
01/07/1899,16.727,0.183
01/08/1899,15.988,0.306
01/09/1899,13.018,0.116
01/10/1899,8.985,0.204
01/11/1899,5.437,0.18
01/12/1899,2.906,0.195
01/01/1900,2.317,0.222
01/02/1900,3.135,0.094
01/03/1900,5.721,0.165
01/04/1900,9.21,0.222
01/05/1900,12.82,0.195
01/06/1900,15.443,0.131
01/07/1900,16.467,0.187
01/08/1900,16.077,0.109
01/09/1900,12.775,0.141
01/10/1900,9.067,0.175
01/11/1900,5.283,0.143
01/12/1900,3.018,0.264
01/01/1901,2.426,0.083
01/02/1901,3.214,0.194
01/03/1901,5.548,0.117
01/04/1901,9.295,0.109
01/05/1901,12.633,0.086
01/06/1901,15.489,0.29
01/07/1901,16.668,0.094
01/08/1901,16.315,0.175
01/09/1901,13.174,0.179
01/10/1901,9.034,0.23
01/11/1901,5.262,0.191
01/12/1901,2.741,0.192
01/01/1902,2.295,0.065
01/02/1902,3.253,0.253
01/03/1902,5.376,0.162
01/04/1902,9.268,0.134
01/05/1902,12.644,0.283
01/06/1902,15.561,0.114
01/07/1902,16.604,0.267
01/08/1902,16.151,0.291
01/09/1902,12.993,0.212
01/10/1902,9.192,0.094
01/11/1902,5.264,0.218
01/12/1902,2.733,0.172
01/01/1903,2.425,0.145
01/02/1903,2.895,0.122
01/03/1903,5.501,0.092
01/04/1903,9.197,0.252
01/05/1903,12.658,0.193
01/06/1903,15.591,0.262
01/07/1903,16.61,0.107
01/08/1903,16.177,0.129
01/09/1903,12.922,0.211
01/10/1903,9.137,0.118
01/11/1903,5.021,0.141
01/12/1903,2.927,0.197
01/01/1904,2.57,0.096
01/02/1904,3.122,0.056
01/03/1904,5.524,0.285
01/04/1904,9.074,0.225
01/05/1904,12.812,0.076
01/06/1904,15.484,0.066
01/07/1904,16.658,0.057
01/08/1904,16.044,0.149
01/09/1904,12.954,0.116
01/10/1904,8.999,0.089
01/11/1904,5.108,0.127
01/12/1904,2.642,0.112
01/01/1905,2.416,0.083
01/02/1905,3.316,0.26
01/03/1905,5.726,0.265
01/04/1905,9.284,0.131
01/05/1905,12.43,0.185
01/06/1905,15.501,0.118
01/07/1905,16.254,0.224
01/08/1905,16.26,0.094
01/09/1905,12.813,0.209
01/10/1905,8.954,0.191
01/11/1905,5.082,0.127
01/12/1905,2.827,0.137
01/01/1906,2.245,0.16
01/02/1906,3.101,0.141
01/03/1906,5.549,0.05
01/04/1906,9.357,0.254
01/05/1906,12.818,0.167
01/06/1906,15.365,0.052
01/07/1906,16.812,0.169
01/08/1906,16.018,0.052
01/09/1906,12.864,0.108
01/10/1906,9.097,0.052
01/11/1906,5.168,0.19
01/12/1906,2.943,0.149
01/01/1907,2.559,0.147
01/02/1907,3.326,0.145
01/03/1907,5.548,0.11
01/04/1907,9.383,0.241
01/05/1907,12.942,0.221
01/06/1907,15.341,0.121
01/07/1907,16.548,0.153
01/08/1907,15.94,0.263
01/09/1907,12.999,0.209
01/10/1907,9.148,0.204
01/11/1907,5.235,0.097
01/12/1907,3.024,0.055
01/01/1908,2.602,0.096
01/02/1908,3.206,0.076
01/03/1908,5.538,0.232
01/04/1908,9.45,0.108
01/05/1908,12.843,0.135
01/06/1908,15.574,0.128
01/07/1908,16.69,0.166
01/08/1908,15.759,0.248
01/09/1908,12.849,0.288
01/10/1908,9.263,0.064
01/11/1908,5.268,0.168
01/12/1908,2.815,0.098
01/01/1909,2.584,0.257
01/02/1909,2.978,0.08
01/03/1909,5.574,0.243
01/04/1909,9.174,0.161
01/05/1909,12.761,0.165
01/06/1909,15.432,0.243
01/07/1909,16.226,0.168
01/08/1909,16.119,0.22
01/09/1909,12.923,0.207
01/10/1909,9.162,0.061
01/11/1909,5.398,0.113
01/12/1909,2.808,0.21
01/01/1910,2.546,0.266
01/02/1910,3.405,0.104
01/03/1910,5.696,0.131
01/04/1910,9.377,0.092
01/05/1910,12.757,0.247
01/06/1910,15.526,0.052
01/07/1910,16.769,0.169
01/08/1910,16.221,0.199
01/09/1910,12.931,0.089
01/10/1910,9.104,0.073
01/11/1910,5.063,0.299
01/12/1910,2.679,0.206
01/01/1911,2.63,0.225
01/02/1911,3.233,0.248
01/03/1911,5.631,0.295
01/04/1911,9.332,0.247
01/05/1911,12.779,0.16
01/06/1911,15.253,0.098
01/07/1911,16.528,0.084
01/08/1911,16.065,0.275
01/09/1911,12.842,0.124
01/10/1911,9.082,0.224
01/11/1911,5.298,0.137
01/12/1911,2.941,0.233
01/01/1912,2.437,0.279
01/02/1912,3.396,0.189
01/03/1912,5.636,0.124
01/04/1912,9.302,0.116
01/05/1912,12.77,0.21
01/06/1912,15.476,0.145
01/07/1912,16.582,0.264
01/08/1912,16.194,0.244
01/09/1912,12.986,0.215
01/10/1912,9.264,0.185
01/11/1912,5.161,0.174
01/12/1912,2.968,0.188
01/01/1913,2.395,0.21
01/02/1913,3.107,0.078
01/03/1913,5.532,0.259
01/04/1913,9.269,0.082
01/05/1913,12.832,0.171
01/06/1913,15.418,0.075
01/07/1913,16.37,0.214
01/08/1913,16.077,0.181
01/09/1913,12.948,0.142
01/10/1913,8.988,0.201
01/11/1913,5.526,0.102
01/12/1913,2.995,0.173
01/01/1914,2.516,0.25
01/02/1914,3.147,0.065
01/03/1914,5.314,0.154
01/04/1914,9.178,0.142
01/05/1914,12.721,0.116
01/06/1914,15.263,0.06
01/07/1914,16.671,0.286
01/08/1914,16.222,0.29
01/09/1914,13.137,0.183
01/10/1914,9.189,0.097
01/11/1914,5.189,0.206
01/12/1914,2.864,0.095
01/01/1915,2.481,0.076
01/02/1915,3.057,0.21
01/03/1915,5.498,0.216
01/04/1915,9.385,0.271
01/05/1915,12.819,0.15
01/06/1915,15.547,0.134
01/07/1915,16.817,0.161
01/08/1915,16.543,0.138
01/09/1915,12.834,0.131
01/10/1915,9.421,0.143
01/11/1915,5.293,0.231
01/12/1915,2.755,0.202
01/01/1916,2.408,0.241
01/02/1916,3.153,0.282
01/03/1916,5.577,0.162
01/04/1916,9.591,0.149
01/05/1916,12.734,0.199
01/06/1916,15.146,0.179
01/07/1916,16.686,0.125
01/08/1916,16.18,0.105
01/09/1916,13.0,0.255
01/10/1916,9.065,0.222
01/11/1916,5.26,0.189
01/12/1916,3.035,0.281
01/01/1917,2.506,0.139
01/02/1917,3.215,0.085
01/03/1917,5.481,0.108
01/04/1917,9.405,0.253
01/05/1917,12.889,0.279
01/06/1917,15.554,0.234
01/07/1917,16.553,0.093
01/08/1917,15.978,0.256
01/09/1917,12.929,0.277
01/10/1917,8.942,0.199
01/11/1917,5.227,0.194
01/12/1917,3.072,0.07
01/01/1918,2.684,0.137
01/02/1918,3.262,0.254
01/03/1918,5.382,0.267
01/04/1918,9.412,0.107
01/05/1918,12.697,0.053
01/06/1918,15.357,0.244
01/07/1918,16.515,0.06
01/08/1918,16.26,0.185
01/09/1918,13.074,0.105
01/10/1918,9.205,0.063
01/11/1918,5.277,0.161
01/12/1918,2.772,0.199
01/01/1919,2.409,0.122
01/02/1919,3.191,0.149
01/03/1919,5.627,0.193
01/04/1919,9.331,0.062
01/05/1919,12.753,0.175
01/06/1919,15.524,0.243
01/07/1919,16.638,0.19
01/08/1919,16.241,0.172
01/09/1919,12.948,0.204
01/10/1919,9.029,0.234
01/11/1919,5.295,0.244
01/12/1919,2.94,0.131
01/01/1920,2.543,0.218
01/02/1920,3.173,0.156
01/03/1920,5.536,0.198
01/04/1920,9.383,0.056
01/05/1920,12.677,0.204
01/06/1920,15.832,0.298
01/07/1920,16.534,0.061
01/08/1920,16.221,0.255
01/09/1920,13.033,0.239
01/10/1920,9.207,0.263
01/11/1920,5.327,0.287
01/12/1920,2.923,0.282
01/01/1921,2.651,0.053
01/02/1921,3.037,0.223
01/03/1921,5.7,0.056
01/04/1921,9.384,0.102
01/05/1921,12.721,0.181
01/06/1921,15.481,0.115
01/07/1921,16.407,0.085
01/08/1921,16.22,0.225
01/09/1921,13.157,0.216
01/10/1921,9.118,0.061
01/11/1921,5.347,0.247
01/12/1921,2.986,0.204
01/01/1922,2.668,0.052
01/02/1922,3.26,0.147
01/03/1922,5.572,0.215
01/04/1922,9.535,0.266
01/05/1922,13.042,0.212
01/06/1922,15.532,0.108
01/07/1922,16.362,0.075
01/08/1922,16.427,0.129
01/09/1922,13.102,0.097
01/10/1922,8.993,0.175
01/11/1922,5.038,0.055
01/12/1922,2.974,0.112
01/01/1923,2.4,0.148
01/02/1923,3.186,0.089
01/03/1923,5.542,0.206
01/04/1923,9.398,0.109
01/05/1923,12.946,0.253
01/06/1923,15.487,0.206
01/07/1923,16.788,0.254
01/08/1923,16.032,0.057
01/09/1923,12.914,0.088
01/10/1923,9.073,0.274
01/11/1923,5.278,0.146
01/12/1923,2.863,0.29
01/01/1924,2.381,0.107
01/02/1924,3.1,0.11
01/03/1924,5.792,0.277
01/04/1924,9.57,0.132
01/05/1924,12.73,0.085
01/06/1924,15.488,0.185
01/07/1924,16.683,0.127
01/08/1924,15.982,0.226
01/09/1924,12.945,0.299
01/10/1924,9.099,0.294
01/11/1924,5.48,0.279
01/12/1924,3.13,0.129
01/01/1925,2.238,0.08
01/02/1925,3.109,0.129
01/03/1925,5.753,0.241
01/04/1925,9.179,0.27
01/05/1925,12.706,0.161
01/06/1925,15.576,0.283
01/07/1925,16.832,0.118
01/08/1925,16.04,0.245
01/09/1925,13.072,0.241
01/10/1925,9.16,0.203
01/11/1925,5.296,0.108
01/12/1925,3.066,0.108
01/01/1926,2.472,0.222
01/02/1926,3.111,0.169
01/03/1926,5.452,0.228
01/04/1926,9.313,0.143
01/05/1926,12.899,0.084
01/06/1926,15.403,0.098
01/07/1926,16.815,0.054
01/08/1926,16.256,0.117
01/09/1926,12.846,0.297
01/10/1926,9.218,0.239
01/11/1926,5.566,0.296
01/12/1926,3.026,0.267
01/01/1927,2.412,0.164
01/02/1927,3.225,0.112
01/03/1927,5.589,0.234
01/04/1927,9.338,0.145
01/05/1927,12.755,0.236
01/06/1927,15.67,0.198
01/07/1927,16.376,0.247
01/08/1927,16.179,0.18
01/09/1927,12.804,0.061
01/10/1927,9.185,0.299
01/11/1927,5.199,0.234
01/12/1927,2.904,0.189
01/01/1928,2.353,0.062
01/02/1928,3.204,0.123
01/03/1928,5.539,0.257
01/04/1928,9.382,0.165
01/05/1928,12.675,0.064
01/06/1928,15.599,0.179
01/07/1928,16.763,0.163
01/08/1928,16.397,0.231
01/09/1928,13.179,0.284
01/10/1928,9.257,0.224
01/11/1928,5.403,0.163
01/12/1928,3.014,0.095
01/01/1929,2.364,0.1
01/02/1929,3.122,0.164
01/03/1929,5.624,0.277
01/04/1929,9.508,0.249
01/05/1929,12.812,0.079
01/06/1929,15.464,0.162
01/07/1929,16.529,0.146
01/08/1929,16.335,0.248
01/09/1929,12.732,0.145
01/10/1929,9.103,0.145
01/11/1929,5.355,0.191
01/12/1929,2.661,0.215
01/01/1930,2.669,0.095
01/02/1930,3.423,0.228
01/03/1930,5.537,0.242
01/04/1930,9.377,0.162
01/05/1930,12.785,0.083
01/06/1930,15.485,0.101
01/07/1930,16.562,0.165
01/08/1930,16.164,0.264
01/09/1930,13.015,0.271
01/10/1930,9.124,0.109
01/11/1930,5.212,0.153
01/12/1930,2.855,0.07
01/01/1931,2.458,0.187
01/02/1931,3.178,0.205
01/03/1931,5.421,0.062
01/04/1931,9.251,0.087
01/05/1931,12.812,0.263
01/06/1931,15.504,0.217
01/07/1931,16.684,0.28
01/08/1931,16.145,0.062
01/09/1931,12.965,0.218
01/10/1931,9.168,0.203
01/11/1931,5.273,0.247
01/12/1931,2.78,0.094
01/01/1932,2.382,0.283
01/02/1932,3.277,0.073
01/03/1932,5.599,0.145
01/04/1932,9.443,0.067
01/05/1932,12.697,0.123
01/06/1932,15.6,0.084
01/07/1932,16.601,0.182
01/08/1932,16.143,0.181
01/09/1932,12.978,0.077
01/10/1932,8.978,0.232
01/11/1932,5.089,0.171
01/12/1932,2.677,0.222
01/01/1933,2.858,0.122
01/02/1933,3.095,0.202
01/03/1933,5.577,0.299
01/04/1933,9.471,0.138
01/05/1933,12.943,0.18
01/06/1933,15.649,0.208
01/07/1933,16.561,0.202
01/08/1933,16.24,0.227
01/09/1933,13.043,0.056
01/10/1933,9.136,0.206
01/11/1933,5.509,0.25
01/12/1933,3.094,0.3
01/01/1934,2.447,0.19
01/02/1934,3.295,0.209
01/03/1934,5.72,0.12
01/04/1934,9.345,0.248
01/05/1934,12.789,0.131
01/06/1934,15.673,0.052
01/07/1934,16.597,0.231
01/08/1934,16.139,0.204
01/09/1934,13.113,0.133
01/10/1934,9.153,0.134
01/11/1934,5.215,0.249
01/12/1934,2.704,0.211
01/01/1935,2.375,0.273
01/02/1935,3.262,0.184
01/03/1935,5.536,0.153
01/04/1935,9.524,0.236
01/05/1935,12.894,0.231
01/06/1935,15.456,0.129
01/07/1935,16.563,0.221
01/08/1935,16.225,0.25
01/09/1935,13.128,0.292
01/10/1935,9.07,0.12
01/11/1935,5.68,0.207
01/12/1935,3.01,0.261
01/01/1936,2.438,0.199
01/02/1936,3.195,0.266
01/03/1936,5.648,0.129
01/04/1936,9.158,0.058
01/05/1936,12.725,0.109
01/06/1936,15.618,0.163
01/07/1936,16.726,0.126
01/08/1936,16.22,0.078
01/09/1936,13.091,0.278
01/10/1936,8.943,0.161
01/11/1936,5.482,0.175
01/12/1936,2.967,0.098
01/01/1937,2.722,0.181
01/02/1937,3.159,0.244
01/03/1937,5.8,0.256
01/04/1937,9.54,0.285
01/05/1937,12.821,0.231
01/06/1937,15.492,0.165
01/07/1937,16.616,0.051
01/08/1937,16.107,0.283
01/09/1937,12.987,0.072
01/10/1937,9.0,0.167
01/11/1937,5.489,0.215
01/12/1937,2.991,0.128
01/01/1938,2.461,0.273
01/02/1938,3.204,0.13
01/03/1938,5.686,0.13
01/04/1938,9.443,0.16
01/05/1938,12.903,0.118
01/06/1938,15.598,0.054
01/07/1938,16.549,0.102
01/08/1938,16.152,0.138
01/09/1938,13.025,0.226
01/10/1938,9.213,0.121
01/11/1938,5.354,0.203
01/12/1938,2.998,0.135
01/01/1939,2.496,0.168
01/02/1939,3.277,0.219
01/03/1939,5.687,0.157
01/04/1939,9.38,0.095
01/05/1939,12.723,0.259
01/06/1939,15.464,0.225
01/07/1939,16.578,0.254
01/08/1939,16.186,0.228
01/09/1939,12.985,0.293
01/10/1939,9.025,0.239
01/11/1939,5.293,0.253
01/12/1939,2.969,0.28
01/01/1940,2.429,0.221
01/02/1940,3.285,0.228
01/03/1940,5.573,0.106
01/04/1940,9.377,0.265
01/05/1940,12.662,0.148
01/06/1940,15.381,0.225
01/07/1940,16.551,0.271
01/08/1940,16.076,0.163
01/09/1940,13.192,0.138
01/10/1940,9.184,0.165
01/11/1940,5.456,0.201
01/12/1940,3.139,0.082
01/01/1941,2.738,0.249
01/02/1941,3.395,0.131
01/03/1941,5.536,0.183
01/04/1941,9.19,0.15
01/05/1941,12.719,0.187
01/06/1941,15.648,0.293
01/07/1941,16.58,0.253
01/08/1941,16.335,0.198
01/09/1941,13.089,0.247
01/10/1941,9.036,0.186
01/11/1941,5.377,0.069
01/12/1941,3.138,0.283
01/01/1942,2.441,0.198
01/02/1942,3.203,0.166
01/03/1942,5.455,0.094
01/04/1942,9.289,0.289
01/05/1942,12.917,0.254
01/06/1942,15.589,0.243
01/07/1942,16.563,0.215
01/08/1942,16.361,0.073
01/09/1942,13.167,0.276
01/10/1942,8.936,0.209
01/11/1942,5.432,0.087
01/12/1942,2.965,0.183
01/01/1943,2.447,0.099
01/02/1943,3.368,0.22
01/03/1943,5.605,0.278
01/04/1943,9.51,0.126
01/05/1943,12.988,0.296
01/06/1943,15.523,0.136
01/07/1943,16.681,0.297
01/08/1943,16.276,0.151
01/09/1943,13.138,0.142
01/10/1943,9.24,0.187
01/11/1943,5.545,0.255
01/12/1943,3.029,0.14
01/01/1944,2.726,0.109
01/02/1944,3.087,0.226
01/03/1944,5.588,0.146
01/04/1944,9.436,0.145
01/05/1944,12.701,0.169
01/06/1944,15.522,0.097
01/07/1944,16.467,0.26
01/08/1944,16.452,0.089
01/09/1944,13.25,0.084
01/10/1944,9.168,0.068
01/11/1944,5.562,0.172
01/12/1944,2.99,0.159
01/01/1945,2.625,0.211
01/02/1945,3.271,0.154
01/03/1945,5.471,0.201
01/04/1945,9.432,0.156
01/05/1945,12.935,0.188
01/06/1945,15.704,0.163
01/07/1945,16.627,0.201
01/08/1945,16.335,0.194
01/09/1945,13.125,0.175
01/10/1945,9.102,0.153
01/11/1945,5.264,0.295
01/12/1945,2.941,0.192
01/01/1946,2.561,0.17
01/02/1946,3.221,0.223
01/03/1946,5.799,0.296
01/04/1946,9.529,0.296
01/05/1946,12.902,0.07
01/06/1946,15.445,0.272
01/07/1946,16.793,0.235
01/08/1946,16.349,0.29
01/09/1946,13.227,0.25
01/10/1946,9.258,0.128
01/11/1946,5.482,0.245
01/12/1946,3.013,0.167
01/01/1947,2.446,0.233
01/02/1947,3.27,0.155
01/03/1947,5.889,0.122
01/04/1947,9.328,0.059
01/05/1947,13.057,0.232
01/06/1947,15.488,0.191
01/07/1947,16.806,0.092
01/08/1947,16.332,0.063
01/09/1947,13.299,0.206
01/10/1947,9.167,0.122
01/11/1947,5.504,0.263
01/12/1947,3.051,0.119
01/01/1948,2.649,0.264
01/02/1948,3.356,0.054
01/03/1948,5.741,0.198
01/04/1948,9.432,0.088
01/05/1948,12.678,0.115
01/06/1948,15.655,0.225
01/07/1948,16.47,0.266
01/08/1948,16.304,0.136
01/09/1948,13.142,0.283
01/10/1948,9.218,0.089
01/11/1948,5.003,0.243
01/12/1948,2.993,0.109
01/01/1949,2.428,0.103
01/02/1949,3.35,0.234
01/03/1949,5.59,0.239
01/04/1949,9.529,0.079
01/05/1949,12.947,0.125
01/06/1949,15.692,0.237
01/07/1949,16.689,0.145
01/08/1949,16.139,0.226
01/09/1949,13.021,0.268
01/10/1949,9.198,0.053
01/11/1949,5.504,0.22
01/12/1949,2.929,0.29
01/01/1950,2.576,0.279
01/02/1950,3.258,0.209
01/03/1950,5.813,0.28
01/04/1950,9.355,0.265
01/05/1950,12.842,0.075
01/06/1950,15.672,0.214
01/07/1950,16.53,0.237
01/08/1950,16.421,0.234
01/09/1950,13.023,0.134
01/10/1950,9.148,0.223
01/11/1950,5.455,0.218
01/12/1950,3.127,0.258
01/01/1951,2.648,0.076
01/02/1951,3.297,0.161
01/03/1951,5.712,0.098
01/04/1951,9.489,0.056
01/05/1951,13.131,0.214
01/06/1951,15.748,0.259
01/07/1951,16.856,0.227
01/08/1951,16.241,0.08
01/09/1951,13.133,0.214
01/10/1951,9.144,0.275
01/11/1951,5.106,0.274
01/12/1951,2.867,0.224
01/01/1952,2.594,0.284
01/02/1952,3.431,0.21
01/03/1952,5.782,0.157
01/04/1952,9.351,0.276
01/05/1952,12.91,0.09
01/06/1952,15.491,0.068
01/07/1952,16.716,0.133
01/08/1952,16.18,0.065
01/09/1952,13.187,0.16
01/10/1952,9.171,0.173
01/11/1952,5.545,0.095
01/12/1952,2.925,0.173
01/01/1953,2.727,0.105
01/02/1953,3.461,0.211
01/03/1953,5.862,0.076
01/04/1953,9.3,0.068
01/05/1953,12.818,0.161
01/06/1953,15.56,0.274
01/07/1953,16.802,0.283
01/08/1953,16.438,0.216
01/09/1953,13.081,0.276
01/10/1953,9.385,0.194
01/11/1953,5.116,0.173
01/12/1953,2.972,0.159
01/01/1954,2.719,0.246
01/02/1954,3.129,0.185
01/03/1954,6.001,0.254
01/04/1954,9.409,0.171
01/05/1954,12.647,0.14
01/06/1954,15.488,0.22
01/07/1954,16.565,0.29
01/08/1954,16.402,0.073
01/09/1954,12.805,0.07
01/10/1954,9.137,0.165
01/11/1954,5.421,0.094
01/12/1954,2.83,0.06
01/01/1955,2.548,0.224
01/02/1955,3.358,0.274
01/03/1955,5.629,0.071
01/04/1955,9.323,0.208
01/05/1955,12.9,0.098
01/06/1955,15.541,0.23
01/07/1955,16.59,0.066
01/08/1955,16.229,0.185
01/09/1955,13.054,0.259
01/10/1955,9.345,0.162
01/11/1955,5.439,0.064
01/12/1955,3.005,0.247
01/01/1956,2.667,0.252
01/02/1956,3.325,0.217
01/03/1956,5.535,0.269
01/04/1956,9.456,0.087
01/05/1956,12.67,0.059
01/06/1956,15.479,0.085
01/07/1956,16.632,0.28
01/08/1956,16.198,0.061
01/09/1956,13.09,0.093
01/10/1956,9.149,0.062
01/11/1956,5.334,0.164
01/12/1956,3.209,0.093
01/01/1957,2.426,0.077
01/02/1957,3.193,0.174
01/03/1957,5.738,0.251
01/04/1957,9.332,0.157
01/05/1957,13.041,0.22
01/06/1957,15.297,0.131
01/07/1957,16.868,0.084
01/08/1957,16.289,0.259
01/09/1957,13.167,0.198
01/10/1957,9.016,0.134
01/11/1957,5.461,0.154
01/12/1957,3.058,0.224
01/01/1958,2.494,0.281
01/02/1958,3.273,0.06
01/03/1958,5.904,0.203
01/04/1958,9.552,0.244
01/05/1958,13.054,0.052
01/06/1958,15.629,0.095
01/07/1958,16.863,0.272
01/08/1958,16.408,0.154
01/09/1958,13.189,0.223
01/10/1958,9.023,0.102
01/11/1958,5.323,0.153
01/12/1958,2.903,0.285
01/01/1959,2.593,0.095
01/02/1959,3.298,0.175
01/03/1959,5.879,0.246
01/04/1959,9.367,0.137
01/05/1959,13.007,0.079
01/06/1959,15.622,0.183
01/07/1959,16.813,0.24
01/08/1959,16.383,0.185
01/09/1959,13.158,0.215
01/10/1959,9.421,0.119
01/11/1959,5.493,0.221
01/12/1959,3.22,0.292
01/01/1960,2.548,0.218
01/02/1960,3.334,0.061
01/03/1960,5.662,0.159
01/04/1960,9.345,0.134
01/05/1960,12.991,0.061
01/06/1960,15.432,0.235
01/07/1960,16.789,0.246
01/08/1960,16.288,0.171
01/09/1960,13.312,0.23
01/10/1960,9.392,0.198
01/11/1960,5.386,0.219
01/12/1960,3.093,0.131
01/01/1961,2.645,0.075
01/02/1961,3.221,0.234
01/03/1961,5.805,0.105
01/04/1961,9.341,0.168
01/05/1961,12.674,0.086
01/06/1961,15.65,0.282
01/07/1961,16.611,0.084
01/08/1961,16.359,0.23
01/09/1961,12.905,0.101
01/10/1961,8.984,0.082
01/11/1961,5.411,0.084
01/12/1961,2.986,0.263
01/01/1962,2.558,0.136
01/02/1962,3.348,0.272
01/03/1962,5.56,0.209
01/04/1962,9.3,0.203
01/05/1962,13.082,0.264
01/06/1962,15.907,0.072
01/07/1962,16.815,0.299
01/08/1962,16.22,0.198
01/09/1962,13.179,0.233
01/10/1962,9.146,0.234
01/11/1962,5.431,0.195
01/12/1962,3.136,0.273
01/01/1963,2.575,0.193
01/02/1963,3.295,0.051
01/03/1963,5.766,0.168
01/04/1963,9.428,0.242
01/05/1963,13.076,0.17
01/06/1963,15.663,0.25
01/07/1963,16.789,0.11
01/08/1963,16.213,0.19
01/09/1963,13.326,0.287
01/10/1963,9.247,0.083
01/11/1963,5.383,0.073
01/12/1963,3.198,0.17
01/01/1964,2.572,0.264
01/02/1964,3.511,0.237
01/03/1964,5.866,0.243
01/04/1964,9.455,0.269
01/05/1964,12.76,0.143
01/06/1964,15.754,0.166
01/07/1964,16.576,0.068
01/08/1964,16.158,0.273
01/09/1964,13.12,0.156
01/10/1964,9.262,0.117
01/11/1964,5.577,0.249
01/12/1964,2.985,0.247
01/01/1965,2.855,0.234
01/02/1965,3.459,0.064
01/03/1965,5.908,0.272
01/04/1965,9.378,0.078
01/05/1965,12.828,0.141
01/06/1965,15.763,0.094
01/07/1965,16.697,0.227
01/08/1965,16.322,0.101
01/09/1965,13.226,0.078
01/10/1965,9.228,0.17
01/11/1965,5.585,0.29
01/12/1965,2.979,0.102
01/01/1966,2.639,0.138
01/02/1966,3.256,0.117
01/03/1966,5.701,0.066
01/04/1966,9.354,0.136
01/05/1966,12.795,0.081
01/06/1966,15.654,0.227
01/07/1966,16.677,0.123
01/08/1966,16.208,0.205
01/09/1966,13.231,0.252
01/10/1966,8.966,0.285
01/11/1966,5.674,0.164
01/12/1966,3.143,0.07
01/01/1967,2.724,0.289
01/02/1967,3.286,0.077
01/03/1967,5.715,0.174
01/04/1967,9.628,0.269
01/05/1967,12.778,0.123
01/06/1967,15.623,0.292
01/07/1967,16.683,0.137
01/08/1967,16.329,0.161
01/09/1967,13.084,0.066
01/10/1967,9.166,0.268
01/11/1967,5.477,0.211
01/12/1967,3.334,0.153
01/01/1968,2.553,0.132
01/02/1968,3.493,0.198
01/03/1968,5.673,0.161
01/04/1968,9.23,0.126
01/05/1968,13.091,0.093
01/06/1968,15.804,0.115
01/07/1968,16.431,0.242
01/08/1968,16.38,0.062
01/09/1968,13.068,0.092
01/10/1968,9.354,0.281
01/11/1968,5.425,0.293
01/12/1968,2.953,0.26
01/01/1969,2.589,0.088
01/02/1969,3.185,0.109
01/03/1969,5.853,0.082
01/04/1969,9.478,0.115
01/05/1969,13.013,0.059
01/06/1969,15.793,0.129
01/07/1969,16.687,0.185
01/08/1969,16.448,0.091
01/09/1969,13.066,0.151
01/10/1969,9.507,0.175
01/11/1969,5.533,0.13
01/12/1969,3.157,0.051
01/01/1970,2.631,0.133
01/02/1970,3.029,0.226
01/03/1970,5.657,0.286
01/04/1970,9.471,0.295
01/05/1970,12.894,0.191
01/06/1970,15.625,0.277
01/07/1970,16.583,0.233
01/08/1970,16.42,0.275
01/09/1970,13.252,0.127
01/10/1970,9.371,0.15
01/11/1970,5.525,0.073
01/12/1970,2.945,0.064
01/01/1971,2.558,0.106
01/02/1971,3.235,0.284
01/03/1971,5.754,0.185
01/04/1971,9.483,0.161
01/05/1971,12.934,0.178
01/06/1971,15.613,0.099
01/07/1971,16.691,0.286
01/08/1971,16.507,0.277
01/09/1971,13.114,0.263
01/10/1971,9.31,0.142
01/11/1971,5.39,0.138
01/12/1971,3.128,0.294
01/01/1972,2.698,0.232
01/02/1972,3.325,0.161
01/03/1972,5.978,0.122
01/04/1972,9.451,0.251
01/05/1972,13.085,0.274
01/06/1972,15.638,0.085
01/07/1972,16.718,0.102
01/08/1972,16.335,0.169
01/09/1972,13.399,0.067
01/10/1972,9.001,0.29
01/11/1972,5.463,0.152
01/12/1972,3.01,0.279
01/01/1973,2.533,0.228
01/02/1973,3.443,0.239
01/03/1973,5.815,0.145
01/04/1973,9.523,0.188
01/05/1973,13.181,0.259
01/06/1973,15.724,0.126
01/07/1973,16.64,0.057
01/08/1973,16.316,0.051
01/09/1973,13.141,0.259
01/10/1973,9.564,0.168
01/11/1973,5.321,0.154
01/12/1973,2.856,0.173
01/01/1974,2.634,0.08
01/02/1974,3.285,0.119
01/03/1974,5.812,0.236
01/04/1974,9.466,0.195
01/05/1974,12.747,0.207
01/06/1974,15.571,0.169
01/07/1974,16.747,0.178
01/08/1974,16.311,0.194
01/09/1974,13.208,0.065
01/10/1974,9.209,0.13
01/11/1974,5.515,0.091
01/12/1974,3.023,0.118
01/01/1975,2.44,0.139
01/02/1975,3.499,0.122
01/03/1975,5.494,0.178
01/04/1975,9.419,0.242
01/05/1975,12.993,0.238
01/06/1975,15.72,0.186
01/07/1975,16.928,0.221
01/08/1975,16.21,0.125
01/09/1975,13.099,0.074
01/10/1975,9.103,0.195
01/11/1975,5.48,0.18
01/12/1975,3.054,0.143
01/01/1976,2.566,0.278
01/02/1976,3.385,0.076
01/03/1976,5.822,0.097
01/04/1976,9.545,0.274
01/05/1976,12.803,0.181
01/06/1976,15.526,0.183
01/07/1976,16.583,0.078
01/08/1976,16.311,0.165
01/09/1976,13.371,0.281
01/10/1976,9.377,0.17
01/11/1976,5.432,0.254
01/12/1976,3.18,0.272
01/01/1977,2.511,0.136
01/02/1977,3.26,0.227
01/03/1977,5.995,0.106
01/04/1977,9.517,0.264
01/05/1977,13.032,0.081
01/06/1977,15.745,0.083
01/07/1977,16.94,0.246
01/08/1977,16.465,0.069
01/09/1977,13.209,0.061
01/10/1977,9.078,0.077
01/11/1977,5.516,0.065
01/12/1977,2.939,0.08
01/01/1978,2.68,0.217
01/02/1978,3.426,0.239
01/03/1978,5.836,0.101
01/04/1978,9.217,0.275
01/05/1978,13.026,0.073
01/06/1978,15.784,0.261
01/07/1978,17.054,0.137
01/08/1978,16.277,0.09
01/09/1978,12.987,0.11
01/10/1978,9.28,0.193
01/11/1978,5.609,0.053
01/12/1978,3.173,0.104
01/01/1979,2.72,0.275
01/02/1979,3.476,0.184
01/03/1979,5.838,0.104
01/04/1979,9.475,0.176
01/05/1979,12.954,0.197
01/06/1979,15.574,0.16
01/07/1979,16.858,0.139
01/08/1979,16.365,0.145
01/09/1979,13.204,0.078
01/10/1979,9.369,0.296
01/11/1979,5.526,0.084
01/12/1979,3.125,0.241
01/01/1980,2.645,0.06
01/02/1980,3.241,0.132
01/03/1980,5.861,0.2
01/04/1980,9.553,0.128
01/05/1980,13.116,0.188
01/06/1980,15.668,0.123
01/07/1980,16.835,0.067
01/08/1980,16.327,0.26
01/09/1980,13.009,0.095
01/10/1980,9.315,0.3
01/11/1980,5.431,0.16
01/12/1980,3.091,0.215
01/01/1981,2.749,0.15
01/02/1981,3.425,0.198
01/03/1981,6.01,0.294
01/04/1981,9.654,0.066
01/05/1981,13.099,0.199
01/06/1981,15.674,0.298
01/07/1981,16.955,0.231
01/08/1981,16.551,0.12
01/09/1981,13.155,0.118
01/10/1981,9.137,0.247
01/11/1981,5.416,0.169
01/12/1981,2.996,0.201
01/01/1982,2.58,0.12
01/02/1982,3.472,0.242
01/03/1982,5.865,0.174
01/04/1982,9.552,0.207
01/05/1982,13.031,0.063
01/06/1982,15.736,0.067
01/07/1982,16.654,0.146
01/08/1982,16.106,0.22
01/09/1982,13.29,0.074
01/10/1982,9.432,0.069
01/11/1982,5.497,0.248
01/12/1982,2.889,0.1
01/01/1983,2.625,0.115
01/02/1983,3.279,0.136
01/03/1983,5.894,0.288
01/04/1983,9.381,0.058
01/05/1983,12.756,0.146
01/06/1983,15.811,0.129
01/07/1983,16.703,0.058
01/08/1983,16.491,0.189
01/09/1983,13.263,0.227
01/10/1983,9.219,0.173
01/11/1983,5.624,0.172
01/12/1983,3.24,0.077
01/01/1984,2.621,0.221
01/02/1984,3.244,0.193
01/03/1984,5.568,0.177
01/04/1984,9.537,0.148
01/05/1984,12.682,0.204
01/06/1984,15.712,0.138
01/07/1984,16.906,0.057
01/08/1984,16.386,0.061
01/09/1984,13.259,0.236
01/10/1984,9.206,0.057
01/11/1984,5.586,0.074
01/12/1984,3.032,0.136
01/01/1985,2.635,0.215
01/02/1985,3.492,0.112
01/03/1985,5.708,0.278
01/04/1985,9.376,0.066
01/05/1985,12.968,0.055
01/06/1985,15.807,0.132
01/07/1985,16.572,0.192
01/08/1985,16.463,0.275
01/09/1985,13.185,0.197
01/10/1985,9.489,0.296
01/11/1985,5.419,0.193
01/12/1985,3.187,0.252
01/01/1986,2.853,0.134
01/02/1986,3.514,0.176
01/03/1986,5.818,0.204
01/04/1986,9.399,0.141
01/05/1986,12.878,0.262
01/06/1986,15.763,0.247
01/07/1986,16.888,0.122
01/08/1986,16.282,0.062
01/09/1986,13.329,0.106
01/10/1986,9.305,0.236
01/11/1986,5.702,0.074
01/12/1986,3.234,0.134
01/01/1987,2.908,0.169
01/02/1987,3.5,0.102
01/03/1987,5.86,0.125
01/04/1987,9.344,0.251
01/05/1987,12.875,0.1
01/06/1987,15.772,0.151
01/07/1987,16.718,0.241
01/08/1987,16.318,0.095
01/09/1987,13.397,0.266
01/10/1987,9.333,0.194
01/11/1987,5.582,0.236
01/12/1987,3.41,0.167
01/01/1988,2.851,0.204
01/02/1988,3.358,0.242
01/03/1988,5.673,0.207
01/04/1988,9.577,0.181
01/05/1988,12.97,0.088
01/06/1988,15.766,0.221
01/07/1988,16.775,0.13
01/08/1988,16.536,0.258
01/09/1988,13.289,0.153
01/10/1988,9.346,0.256
01/11/1988,5.458,0.2
01/12/1988,3.041,0.151
01/01/1989,2.777,0.111
01/02/1989,3.469,0.257
01/03/1989,5.668,0.159
01/04/1989,9.552,0.212
01/05/1989,13.087,0.084
01/06/1989,15.734,0.115
01/07/1989,16.876,0.094
01/08/1989,16.252,0.263
01/09/1989,13.353,0.055
01/10/1989,9.287,0.265
01/11/1989,5.659,0.267
01/12/1989,3.2,0.275
01/01/1990,2.626,0.214
01/02/1990,3.484,0.073
01/03/1990,6.002,0.085
01/04/1990,9.454,0.078
01/05/1990,12.994,0.18
01/06/1990,15.444,0.257
01/07/1990,17.085,0.113
01/08/1990,16.335,0.271
01/09/1990,13.226,0.252
01/10/1990,9.382,0.132
01/11/1990,5.418,0.237
01/12/1990,3.061,0.109
01/01/1991,2.665,0.094
01/02/1991,3.456,0.292
01/03/1991,5.739,0.197
01/04/1991,9.559,0.173
01/05/1991,12.818,0.129
01/06/1991,15.932,0.156
01/07/1991,16.698,0.27
01/08/1991,16.143,0.284
01/09/1991,13.101,0.255
01/10/1991,9.469,0.055
01/11/1991,5.685,0.26
01/12/1991,3.091,0.216
01/01/1992,2.899,0.247
01/02/1992,3.361,0.11
01/03/1992,5.73,0.29
01/04/1992,9.494,0.141
01/05/1992,13.051,0.267
01/06/1992,15.671,0.264
01/07/1992,16.627,0.148
01/08/1992,16.598,0.294
01/09/1992,13.226,0.256
01/10/1992,9.38,0.109
01/11/1992,5.59,0.279
01/12/1992,3.372,0.208
01/01/1993,2.88,0.152
01/02/1993,3.291,0.058
01/03/1993,5.981,0.285
01/04/1993,9.365,0.168
01/05/1993,12.835,0.229
01/06/1993,15.851,0.269
01/07/1993,16.927,0.225
01/08/1993,16.229,0.177
01/09/1993,13.134,0.253
01/10/1993,9.462,0.234
01/11/1993,5.504,0.063
01/12/1993,3.14,0.21
01/01/1994,2.59,0.084
01/02/1994,3.28,0.15
01/03/1994,5.763,0.071
01/04/1994,9.46,0.089
01/05/1994,12.719,0.258
01/06/1994,15.702,0.241
01/07/1994,16.939,0.248
01/08/1994,16.285,0.13
01/09/1994,13.041,0.115
01/10/1994,9.361,0.222
01/11/1994,5.635,0.1
01/12/1994,2.944,0.154
01/01/1995,2.84,0.286
01/02/1995,3.661,0.271
01/03/1995,5.885,0.281
01/04/1995,9.826,0.212
01/05/1995,12.855,0.294
01/06/1995,15.551,0.1
01/07/1995,16.816,0.15
01/08/1995,16.369,0.157
01/09/1995,13.235,0.142
01/10/1995,9.39,0.287
01/11/1995,5.68,0.159
01/12/1995,3.267,0.28
01/01/1996,2.569,0.08
01/02/1996,3.493,0.228
01/03/1996,5.929,0.246
01/04/1996,9.764,0.122
01/05/1996,12.978,0.264
01/06/1996,15.744,0.2
01/07/1996,16.939,0.219
01/08/1996,16.439,0.155
01/09/1996,13.185,0.123
01/10/1996,9.378,0.115
01/11/1996,5.348,0.142
01/12/1996,2.965,0.221
01/01/1997,2.728,0.083
01/02/1997,3.449,0.131
01/03/1997,5.781,0.228
01/04/1997,9.374,0.227
01/05/1997,13.037,0.074
01/06/1997,15.653,0.065
01/07/1997,16.801,0.277
01/08/1997,16.521,0.299
01/09/1997,13.536,0.2
01/10/1997,9.228,0.237
01/11/1997,5.633,0.205
01/12/1997,3.171,0.126
01/01/1998,2.657,0.292
01/02/1998,3.519,0.19
01/03/1998,5.767,0.176
01/04/1998,9.503,0.283
01/05/1998,13.094,0.129
01/06/1998,15.704,0.183
01/07/1998,16.886,0.061
01/08/1998,16.495,0.082
01/09/1998,13.406,0.237
01/10/1998,9.184,0.282
01/11/1998,5.498,0.203
01/12/1998,3.389,0.24
01/01/1999,2.743,0.273
01/02/1999,3.555,0.129
01/03/1999,6.055,0.088
01/04/1999,9.545,0.263
01/05/1999,12.934,0.063
01/06/1999,15.572,0.087
01/07/1999,16.856,0.115
01/08/1999,16.484,0.226
01/09/1999,12.89,0.282
01/10/1999,9.504,0.06
01/11/1999,5.435,0.171
01/12/1999,3.3,0.173
01/01/2000,2.892,0.081
01/02/2000,3.256,0.073
01/03/2000,5.906,0.092
01/04/2000,9.499,0.177
01/05/2000,13.019,0.196
01/06/2000,16.005,0.196
01/07/2000,16.999,0.193
01/08/2000,16.429,0.154
01/09/2000,13.437,0.219
01/10/2000,9.45,0.272
01/11/2000,5.734,0.22
01/12/2000,3.185,0.149
01/01/2001,2.51,0.259
01/02/2001,3.3,0.088
01/03/2001,6.056,0.215
01/04/2001,9.669,0.164
01/05/2001,13.213,0.051
01/06/2001,15.714,0.292
01/07/2001,16.695,0.131
01/08/2001,16.214,0.233
01/09/2001,13.229,0.192
01/10/2001,9.058,0.103
01/11/2001,5.723,0.131
01/12/2001,3.21,0.064
01/01/2002,3.029,0.145
01/02/2002,3.589,0.15
01/03/2002,5.998,0.266
01/04/2002,9.841,0.072
01/05/2002,13.105,0.245
01/06/2002,15.705,0.121
01/07/2002,16.865,0.08
01/08/2002,16.287,0.173
01/09/2002,13.064,0.128
01/10/2002,9.452,0.221
01/11/2002,5.682,0.258
01/12/2002,3.292,0.178
01/01/2003,2.516,0.169
01/02/2003,3.482,0.191
01/03/2003,5.687,0.253
01/04/2003,9.659,0.203
01/05/2003,12.95,0.06
01/06/2003,15.816,0.135
01/07/2003,16.782,0.222
01/08/2003,16.485,0.089
01/09/2003,13.096,0.181
01/10/2003,9.37,0.123
01/11/2003,5.324,0.169
01/12/2003,3.266,0.087
01/01/2004,2.949,0.26
01/02/2004,3.655,0.181
01/03/2004,5.858,0.069
01/04/2004,9.605,0.061
01/05/2004,13.167,0.074
01/06/2004,15.848,0.215
01/07/2004,16.785,0.114
01/08/2004,16.43,0.07
01/09/2004,13.21,0.215
01/10/2004,9.367,0.095
01/11/2004,5.618,0.071
01/12/2004,3.278,0.269
01/01/2005,2.725,0.164
01/02/2005,3.625,0.218
01/03/2005,5.805,0.292
01/04/2005,9.506,0.268
01/05/2005,13.102,0.237
01/06/2005,15.843,0.201
01/07/2005,16.912,0.184
01/08/2005,16.431,0.051
01/09/2005,13.327,0.169
01/10/2005,9.421,0.223
01/11/2005,5.784,0.2
01/12/2005,2.943,0.172
01/01/2006,2.537,0.14
01/02/2006,3.256,0.218
01/03/2006,5.832,0.126
01/04/2006,9.464,0.081
01/05/2006,13.134,0.054
01/06/2006,15.781,0.293
01/07/2006,16.928,0.212
01/08/2006,16.412,0.212
01/09/2006,13.121,0.248
01/10/2006,9.442,0.098
01/11/2006,5.533,0.168
01/12/2006,3.303,0.055
01/01/2007,2.814,0.226
01/02/2007,3.539,0.291
01/03/2007,5.645,0.196
01/04/2007,9.621,0.1
01/05/2007,12.873,0.063
01/06/2007,15.683,0.052
01/07/2007,16.75,0.295
01/08/2007,16.34,0.262
01/09/2007,13.266,0.189
01/10/2007,9.218,0.123
01/11/2007,5.441,0.198
01/12/2007,3.19,0.203
01/01/2008,2.687,0.172
01/02/2008,3.283,0.229
01/03/2008,5.759,0.129
01/04/2008,9.56,0.066
01/05/2008,13.18,0.168
01/06/2008,15.705,0.174
01/07/2008,16.985,0.224
01/08/2008,16.441,0.055
01/09/2008,13.264,0.136
01/10/2008,9.459,0.108
01/11/2008,5.632,0.135
01/12/2008,3.44,0.201
01/01/2009,2.882,0.083
01/02/2009,3.339,0.123
01/03/2009,5.813,0.258
01/04/2009,9.291,0.218
01/05/2009,13.065,0.25
01/06/2009,15.573,0.261
01/07/2009,16.815,0.237
01/08/2009,16.418,0.217
01/09/2009,13.341,0.201
01/10/2009,9.444,0.075
01/11/2009,5.256,0.126
01/12/2009,3.379,0.102
01/01/2010,2.811,0.27
01/02/2010,3.496,0.139
01/03/2010,6.012,0.274
01/04/2010,9.778,0.058
01/05/2010,13.207,0.204
01/06/2010,15.839,0.08
01/07/2010,16.904,0.135
01/08/2010,16.581,0.139
01/09/2010,13.525,0.117
01/10/2010,9.46,0.088
01/11/2010,5.536,0.217
01/12/2010,3.055,0.227
01/01/2011,2.908,0.164
01/02/2011,3.436,0.26
01/03/2011,5.936,0.203
01/04/2011,9.629,0.246
01/05/2011,13.304,0.06
01/06/2011,15.72,0.076
01/07/2011,16.727,0.278
01/08/2011,16.316,0.089
01/09/2011,13.259,0.176
01/10/2011,9.518,0.233
01/11/2011,5.733,0.134
01/12/2011,3.294,0.084
01/01/2012,2.871,0.154
01/02/2012,3.391,0.242
01/03/2012,5.903,0.135
01/04/2012,9.815,0.176
01/05/2012,13.196,0.239
01/06/2012,15.855,0.14
01/07/2012,16.861,0.238
01/08/2012,16.437,0.155
01/09/2012,13.326,0.153
01/10/2012,9.61,0.152
01/11/2012,5.369,0.249
01/12/2012,3.256,0.14
01/01/2013,2.866,0.052
01/02/2013,3.512,0.252
01/03/2013,5.947,0.129
01/04/2013,9.582,0.295
01/05/2013,13.122,0.24
01/06/2013,15.836,0.215
01/07/2013,16.736,0.064
01/08/2013,16.299,0.208
01/09/2013,13.259,0.18
01/10/2013,9.228,0.124
01/11/2013,5.452,0.188
01/12/2013,3.304,0.126
01/01/2014,2.791,0.052
01/02/2014,3.241,0.12
01/03/2014,5.637,0.225
01/04/2014,9.556,0.162
01/05/2014,13.145,0.247
01/06/2014,15.948,0.213
01/07/2014,16.822,0.245
01/08/2014,16.266,0.151
01/09/2014,13.336,0.059
01/10/2014,9.499,0.134
01/11/2014,5.572,0.082
01/12/2014,3.009,0.298
01/01/2015,2.795,0.188
01/02/2015,3.558,0.18
01/03/2015,5.91,0.057
01/04/2015,9.536,0.249
01/05/2015,13.032,0.244
01/06/2015,15.758,0.232
01/07/2015,16.964,0.065
01/08/2015,16.502,0.143
01/09/2015,13.228,0.062
01/10/2015,9.326,0.213
01/11/2015,5.678,0.234
01/12/2015,3.278,0.163
